Artist,song,Longest Rhyme Length,Average Rhyme,Num_Lines,Avg_Num_Chars_Line,Avg_Num_Lines,Num_Words,Perc_Unique_Words,a,aint,all,and,at,be,bitch,but,can,dont,for,fuck,get,got,her,i,if,im,in,is,it,its,just,know,like,love,me,my,nigga,no,not,now,of,on,she,shit,so,that,the,they,this,to,up,was,we,what,when,with,you,your
1,acidrain.ctr.txt,7,1.053677932,70,36.414,7.8286,531,0.48776,1.3183,0,1.3183,3.0132,0.18832,0.56497,0,0.18832,0.18832,1.1299,0.7533,0.37665,0.94162,0,0.37665,4.7081,0.18832,1.1299,1.8832,0.37665,0.7533,0,0.7533,0,0.37665,0.37665,0.56497,2.6365,0,0,1.1299,0,1.1299,0.18832,0,0.37665,0.18832,3.2015,2.0716,0,0.37665,1.3183,0.18832,0.37665,0,0.7533,0.37665,0.18832,0,0
1,brain.ctr.txt,9,1.120822622,64,30.656,6.1094,389,0.61183,5.6555,0.25707,0.51414,3.599,0,1.0283,0,0.51414,0,0.25707,0.51414,1.0283,0.25707,0,0.77121,1.7995,0.51414,2.5707,1.0283,1.7995,0.77121,0.51414,0,0.51414,0.77121,0,0.51414,1.0283,1.5424,0.51414,0,0,2.0566,1.2853,0,0.51414,0,5.1414,4.6272,0.25707,0.25707,2.5707,0.77121,0.25707,0.25707,0,0,0,0,0
1,chainsmo.ctr.txt,6,1.224852071,33,45,9.6061,310,0.5871,2.2581,0.32258,1.2903,1.9355,0.64516,1.2903,0,0.32258,0,0,0.96774,0.64516,0.32258,0.32258,0,4.8387,0,0.64516,0.96774,0,0,0,0.32258,0.96774,0,0.96774,0.64516,3.2258,0,0,0,0.32258,1.6129,0.96774,2.5806,2.5806,1.2903,5.4839,4.1935,0,1.2903,1.6129,0.32258,0.32258,0,0.64516,0.32258,0,0,0
1,cocoabut.ctr.txt,10,1.232087227,58,52.621,10.931,627,0.50718,3.1898,0,1.2759,2.2329,0,1.5949,0,0.63796,0.31898,0.47847,0.31898,0.63796,0.31898,0.63796,0,5.2632,0.15949,1.1164,1.4354,0.31898,0.95694,0.47847,0.79745,0.95694,1.5949,0.31898,2.2329,2.8708,0,0.15949,0.47847,0,0.79745,0.47847,0.63796,0.63796,0.47847,3.5088,2.2329,0.63796,0.31898,1.7544,1.1164,0,0.95694,0.79745,0.15949,0.47847,0,0
1,everybdy.ctr.txt,6,0.974955277,72,45.597,9.1667,656,0.35518,1.2195,0.91463,0,1.8293,0.60976,1.0671,0,0.30488,0,0.15244,0.60976,0,0,0,0,3.0488,0.15244,1.0671,0.60976,0,0.7622,0,0.45732,0.60976,0.15244,0.30488,0.45732,0.60976,0,0,0,0.30488,0.91463,0.45732,0,0,0.15244,1.372,0.7622,0.15244,0.30488,1.372,0.30488,0.45732,0.15244,0.45732,0,0,0,0
1,ev_good.ctr.txt,5,0.78189911,64,43.203,8.5156,538,0.51859,2.7881,0.37175,0.55762,2.2305,0,0,0,1.3011,0.18587,0,0.37175,0.37175,0.18587,0.55762,0.18587,2.6022,0.55762,0.92937,0.92937,0.55762,0.92937,0.37175,0.37175,0.92937,1.8587,0.74349,0.55762,1.487,0.55762,0.18587,0.37175,0.18587,0.55762,0.92937,0,0.74349,0.37175,2.0446,3.3457,0.74349,0.18587,1.1152,1.3011,0.37175,0.55762,0,0,1.3011,0,0
1,family.ctr.txt,6,1.058577406,56,40.643,8.8036,489,0.51534,1.4315,0,1.0225,1.4315,0.6135,0.2045,0.409,0.409,0.2045,1.4315,1.4315,0,0.818,1.227,0.409,0.818,0.6135,1.227,1.0225,0.2045,1.4315,0.6135,0.409,1.636,0.818,0.409,0.6135,3.272,0,0.409,0.2045,1.227,0.818,1.0225,0.409,0,0.409,5.1125,4.2945,0.6135,0.2045,2.454,1.0225,0.2045,0.818,0,0.6135,0.818,0,0
1,fav_song.ctr.txt,6,1.089324619,42,49.881,10.714,446,0.47758,0.44843,0.44843,0.67265,0.67265,0.22422,0.67265,0,0.22422,0.22422,0.44843,0.44843,0.89686,0,0.22422,0,1.3453,0,2.4664,0.89686,0.67265,0.89686,0.44843,0.89686,1.5695,1.3453,0,0,4.0359,1.1211,0,0,0.44843,0.67265,0.89686,1.5695,1.1211,0.22422,7.3991,2.4664,0,3.139,1.1211,0,0.44843,0.22422,0.44843,0.22422,2.0179,0,0
1,good_ass.ctr.txt,7,0.810506567,63,41.714,9.2222,576,0.37153,2.7778,0.17361,0.34722,3.6458,0,1.2153,0.34722,0.34722,0.17361,0,0.52083,1.3889,0.17361,0.34722,0,3.4722,0.34722,2.7778,0.34722,0,0.52083,0.52083,1.2153,0,0,0,1.2153,1.3889,0.34722,0,0.17361,0,0.34722,0.86806,0,0,5.2083,1.5625,2.2569,0.69444,0.34722,0.17361,0,2.0833,0,0,0,0,0,0
1,hey_ma.ctr.txt,5,0.732776618,64,33.844,7.3438,465,0.49462,3.2258,0.64516,0.21505,3.0108,0.21505,1.0753,0,0.64516,0,0.43011,1.0753,0.21505,0.43011,0.43011,0.21505,3.871,0,0.64516,0.64516,0,0,0.43011,1.9355,0.21505,0,0.21505,1.0753,2.1505,0,0.43011,0.21505,0,0.64516,1.0753,0.21505,0.21505,0.43011,2.5806,0.86022,0.43011,0.43011,1.2903,0.64516,0.43011,0.64516,0.43011,0,0,0,0
1,interlde.ctr.txt,5,0.748120301,34,41.706,8.5,287,0.36585,1.0453,0.69686,0.69686,2.0906,0,0,0,0.69686,0,0,0.69686,0,0,0,0.69686,3.4843,0,0,2.439,3.1359,2.0906,0,0.34843,0.69686,0,12.544,0,0,0,0,0,0,0.34843,0.34843,0,0,0,0,0,0,0,0,0,0,0,0,0,0,0,0
1,juice.ctr.txt,5,0.981941309,46,48.826,9.7609,443,0.52822,1.5801,1.1287,0.45147,1.8059,0,0.22573,0.90293,0.45147,0.22573,0.22573,0.90293,0,0.90293,0.45147,0,2.9345,0.22573,0.6772,1.1287,0.45147,1.1287,0.45147,0.6772,0.6772,0,0.90293,0.22573,1.1287,2.2573,0.22573,0,0,0.6772,0.45147,0,0,0.22573,6.772,5.6433,0.45147,0.22573,1.1287,1.5801,0,0,0,0.22573,0.45147,0,0
1,longtime.ctr.txt,7,1.285714286,29,30.241,6.0345,174,0.72414,2.2989,0,0,2.2989,0.57471,0,0,1.1494,0,1.7241,0,0,0,0.57471,0,2.2989,0,3.4483,0.57471,0,0.57471,0,0,0.57471,1.1494,0,1.7241,1.1494,0,0,0.57471,0,1.1494,1.1494,0,0.57471,1.1494,0,2.2989,0.57471,0.57471,0,0,0,0,0,0,0,0,0
1,lost.ctr.txt,6,1.025723473,34,41.235,8.9412,296,0.55743,0.67568,0.33784,0.67568,1.3514,0,0,0,0,0.33784,0,0.33784,1.0135,1.0135,0,2.027,2.7027,0.67568,1.6892,2.3649,0.67568,1.3514,0.67568,0,0.33784,1.0135,1.0135,3.3784,2.3649,0,0.67568,0.33784,0,0.33784,0.67568,2.027,0.67568,1.0135,1.0135,1.6892,0,1.3514,0.33784,0.33784,0,0,0,0,0,0,0
1,nana.ctr.txt,5,1.054054054,63,34.127,7.3492,455,0.54066,1.978,0,0,1.0989,0.21978,0.21978,0.87912,0.43956,0,0.43956,0,0,1.7582,0.43956,0,2.6374,0.21978,0,1.3187,0.43956,0.65934,1.0989,0,0,1.3187,0,1.5385,2.1978,0,0.21978,0,0,0.65934,1.3187,0.65934,0.65934,0.21978,1.0989,2.6374,0.65934,0.21978,0.21978,0.43956,0.21978,0,0.21978,0,0,0,0
1,nostal.ctr.txt,5,0.777439024,45,36.822,7.1111,316,0.65506,1.5823,0,0.94937,5.0633,1.5823,0,0,0,0,0,0,0,0.63291,0,0,1.5823,0,0.31646,0,0,0.31646,0.31646,0,0,2.5316,0,0.31646,1.8987,0,0,0,0.63291,1.8987,0.63291,0,0,0,3.1646,2.8481,0.31646,0.31646,0,0,0,0,0,0,0,0,0
1,paranoia.ctr.txt,5,0.955489614,35,45.771,9.2857,320,0.5625,3.75,0,0.3125,1.5625,0.3125,0.3125,0,0,0,0.625,2.1875,1.25,0.3125,0.3125,0,3.4375,0.9375,0,1.875,0.9375,1.5625,1.5625,0.625,1.5625,0.9375,0.625,0.3125,0.9375,0,0.3125,0.3125,0,1.25,0,0,0.625,0.3125,5.3125,4.375,1.875,0.3125,1.25,0,0.3125,0.9375,0,0,0,0,0
1,prmnight.ctr.txt,7,0.968656716,87,38.575,8.1149,700,0.44,3.1429,0.28571,1.2857,2.7143,0.71429,0.71429,0,0.42857,0.71429,0.85714,1.2857,0.57143,0.85714,0,0.42857,3.1429,0.85714,0.71429,0.71429,0.28571,1.5714,1.1429,0.42857,0.57143,0.57143,0.57143,0.57143,1.7143,0,0,0.28571,0.28571,1,0.85714,0.28571,0.57143,1.8571,1.1429,2.1429,0.57143,1.8571,2.1429,1.4286,0.28571,0.71429,0.14286,0.71429,1,0,0
1,pushaman.ctr.txt,6,0.947565543,22,51.136,11.409,248,0.54839,3.2258,0.40323,0.40323,3.2258,0,0,0.80645,0,0,0.80645,0.80645,0.80645,0,2.0161,0.80645,3.2258,0.40323,4.8387,0.80645,0,1.2097,0.40323,1.2097,0,0,0,1.2097,0.80645,1.6129,0.80645,0,0.40323,1.2097,0.40323,2.4194,0,0.40323,6.4516,5.2419,0,0,1.6129,0,0,0,0,0,0,0,0
1,sm_again.ctr.txt,6,1.097046414,44,47.636,10.295,448,0.55357,3.3482,0.66964,0.66964,1.1161,0,0.44643,1.1161,1.1161,0.44643,0.22321,0,0.89286,0.44643,2.2321,1.1161,4.9107,0.22321,0.66964,1.3393,0.22321,0.89286,0.22321,0.44643,0.66964,2.0089,0,0.66964,1.7857,2.0089,0.66964,0.22321,0,0.89286,2.4554,2.4554,0.89286,0.66964,6.9196,3.3482,0.22321,0.44643,0.66964,0,0.22321,0.44643,0.66964,0.44643,0.66964,0,0
2,allshine.gam.txt,7,1.191699605,69,32.899,6.971,475,0.56842,3.1579,1.0526,0,2.1053,0.63158,0.21053,0.42105,1.6842,0.21053,0.63158,0.84211,0.63158,0,0.21053,0.42105,2.5263,0.21053,2.9474,2.1053,0.42105,0.21053,0.42105,0.42105,0.42105,1.2632,0.84211,0.84211,0.42105,0,0.63158,0.63158,0,0.84211,1.6842,1.6842,0.84211,0.21053,4,2.7368,1.2632,0.63158,1.6842,0.21053,0.21053,1.4737,0.63158,0.42105,1.0526,2.1053,0
2,backpack.gam.txt,5,1.119205298,65,43.954,9.5846,620,0.39032,1.2903,1.129,1.4516,2.5806,0.16129,0.80645,0,0.80645,0.16129,0.64516,0.48387,0,0.32258,1.6129,0.16129,6.6129,0.48387,1.7742,0.64516,0.96774,1.4516,0.32258,0.16129,0.64516,1.4516,0,0.80645,1.129,0.32258,0.80645,0.96774,0,0.16129,0.48387,0.96774,0.80645,0.96774,1.129,3.0645,0,0.48387,3.2258,0.32258,0.16129,1.6129,0.32258,0.16129,0.96774,0,0
2,bitch_lk.gam.txt,8,1.203056769,54,37.056,7.8519,420,0.55476,3.0952,0.2381,0.47619,0.47619,0.2381,0,0,0.47619,0,0.2381,0.47619,2.619,0,1.1905,0.71429,2.8571,0.2381,2.1429,0.71429,0.71429,0.95238,1.1905,0,0,1.9048,0,1.1905,1.9048,2.619,0.2381,0.95238,0.47619,0.71429,3.0952,0.47619,0.71429,0.2381,2.1429,1.9048,0.71429,0.47619,0.71429,0.2381,0.2381,0.2381,1.1905,0.47619,0.95238,0,0
2,bonfire.gam.txt,7,1.029684601,51,43.725,8.9804,457,0.58206,1.9694,0,0.21882,2.1882,0.43764,0.65646,0.43764,0,0.65646,0.21882,0.87527,0.87527,0,0.43764,0,4.814,0.21882,1.9694,0.87527,1.3129,0.87527,0,0.87527,0,1.5317,0,1.5317,3.0635,0.87527,0.65646,0.65646,0.87527,0.43764,0.87527,0,0.43764,0.21882,0.87527,2.1882,0.21882,1.0941,1.3129,0.43764,1.0941,0.21882,1.0941,0.43764,0.21882,0,0
2,crawl.gam.txt,6,0.97235023,56,43.571,9.2857,518,0.50386,1.9305,0.57915,1.1583,0.57915,0.19305,0.7722,0.96525,0.3861,0.3861,0.96525,1.3514,0.7722,0,0.57915,0.3861,3.861,0.19305,1.7375,1.1583,1.7375,0.57915,0.57915,0.19305,1.5444,3.0888,0,2.7027,3.2819,0.7722,0.19305,0.3861,0.7722,0.57915,0.3861,0,0.7722,0.57915,4.6332,3.0888,0.96525,0.96525,0.7722,0.3861,0.3861,0,0.57915,0.19305,0.57915,2.7027,0
2,fire_fly.gam.txt,6,1.071770335,38,26.368,5.7895,217,0.65438,3.2258,1.8433,0.92166,1.3825,0.92166,0.46083,0,0.46083,0.92166,0.46083,1.3825,0,0,0.92166,1.3825,4.6083,0.46083,2.3041,0.92166,0,1.8433,0,0,0,2.765,0.92166,0.46083,0,1.8433,0.92166,0.46083,0.46083,0,1.8433,0,0,1.3825,3.6866,1.8433,1.8433,0,0.46083,0.46083,0,0,0,0,0,0,0
2,freaks.gam.txt,6,1.03539823,49,40.327,8.449,411,0.54988,2.1898,0.48662,0.48662,2.1898,0.97324,0.72993,0,0.97324,0.72993,0.48662,0.97324,0.97324,0.48662,0.97324,0,4.1363,0.48662,1.7032,0,1.2165,1.2165,0.24331,0.24331,0.48662,3.4063,0.48662,1.9465,0.24331,0.72993,0.24331,0.72993,0.72993,0.24331,0,0,0,1.7032,3.163,2.6764,0.97324,0.48662,2.1898,0.48662,0.72993,0.97324,0,0.24331,0.48662,0,0
2,heartbt.gam.txt,5,0.890909091,53,50.981,10.491,555,0.52252,2.8829,0.18018,0.72072,1.2613,0.18018,0.54054,0.36036,0.18018,0.36036,0.36036,0.36036,1.2613,0.54054,0.9009,0.54054,2.5225,0.18018,1.4414,0.9009,1.4414,1.0811,0.72072,0.54054,0,0.9009,0.18018,1.4414,2.5225,1.0811,0,0.54054,0.18018,1.2613,1.0811,0.54054,0.72072,1.0811,1.0811,3.7838,0.72072,1.2613,1.0811,0.18018,0.54054,1.2613,0.18018,0.54054,0.54054,0,0
2,ibonthat.gam.txt,6,1.149159664,76,33.263,7.2895,550,0.46545,2.1818,0.36364,0.90909,2.5455,0.18182,0.18182,0,2.1818,0.36364,0.36364,0.90909,1.2727,0,0.36364,0,3.2727,0.36364,1.8182,1.0909,0.72727,0.54545,0.90909,0.36364,1.2727,1.0909,0,0.90909,1.0909,0.54545,0.18182,1.0909,0,0.18182,0.54545,1.8182,0.54545,0.72727,7.2727,3.8182,0.18182,0.72727,1.6364,0.18182,0.36364,2.1818,1.4545,1.0909,0.54545,0,0
2,kids.gam.txt,6,1.035326087,45,46.422,10.067,451,0.5255,0.88692,0.44346,0,1.5521,0.22173,1.5521,0.66519,0.22173,0.88692,0.88692,0.44346,0.44346,0.66519,0.66519,0.88692,4.6563,0.22173,2.8825,1.5521,1.1086,2.6608,0,0.44346,0,1.9956,0,1.9956,1.9956,1.1086,0.66519,0.88692,0.44346,1.3304,1.9956,0.44346,2.2173,0.22173,3.7694,2.439,1.5521,0.44346,1.1086,0.66519,0.44346,0.22173,0.88692,0.66519,0.22173,0,0
2,LES.gam.txt,7,0.989711934,44,37.795,8.5455,373,0.52011,2.1448,0.53619,1.3405,2.4129,0,0.2681,0.80429,1.6086,0,0.53619,0.53619,0.80429,0,0.2681,1.3405,6.1662,0.80429,1.3405,1.3405,0.53619,1.0724,0.80429,0,0.53619,1.8767,0,2.1448,0.2681,0,0,0.53619,0.2681,1.3405,1.0724,1.3405,0.80429,0.2681,4.2895,2.4129,1.6086,0.53619,1.3405,4.0214,0.2681,0.80429,1.0724,0.80429,0.80429,0,0
2,lightson.gam.txt,6,1,89,32.91,7.4607,658,0.39666,1.9757,0.15198,0,0.91185,0.45593,0.30395,0,0.6079,0.6079,1.0638,0.75988,0.91185,1.2158,0.6079,0.15198,5.0152,0.15198,1.5198,0.91185,0.45593,0.91185,0,0.45593,0,0.91185,0.15198,4.5593,1.2158,0.15198,0,0.45593,0.45593,0.6079,1.6717,0.30395,0.6079,0.30395,0.75988,3.1915,0.30395,0.45593,3.0395,0.15198,0,0.91185,1.6717,0.30395,1.0638,0,0
2,no_exit.gam.txt,4,0.919191919,32,32.406,7,220,0.63182,4.0909,0.45455,0,0.45455,4.5455,0.45455,0,0,0.90909,0.90909,2.2727,0,0,0,0,1.3636,0,3.1818,1.8182,0,1.3636,0.45455,0,0.90909,0,0,1.8182,1.3636,0,0,1.3636,0,1.3636,0.45455,0,0,0.90909,8.1818,6.8182,0.45455,0,0,0,0,0,0,0,0,0,0
2,outside.gam.txt,6,0.885480573,54,40.5,8.6667,464,0.5194,1.2931,0.64655,0.86207,2.5862,0.43103,0.43103,0,1.5086,1.7241,0.64655,0.21552,0,0.64655,0.43103,0.21552,1.9397,0.43103,0.21552,1.5086,1.0776,0.64655,0.43103,0.21552,0.43103,0.86207,0.21552,1.5086,1.9397,0,0.21552,0,0.86207,0.43103,1.0776,0.86207,1.2931,1.9397,3.0172,2.5862,1.5086,0.21552,0.86207,0.86207,0.43103,1.9397,0.43103,0.21552,0.43103,2.1552,0
2,sober.gam.txt,4,0.903846154,37,27.595,6.7838,245,0.33469,0.40816,0,0.40816,1.2245,0,2.449,0,3.6735,1.6327,0,0,0,0,0.40816,0,4.4898,1.6327,6.5306,0,0.40816,1.6327,2.449,1.2245,1.6327,0,0,0.81633,0.40816,0,0.81633,1.6327,6.1224,0,0,0,0,6.5306,4.898,1.2245,0,0,0,0,0,0,0,0,0,0,0
2,sunrise.gam.txt,6,1.06097561,39,39.077,8.0769,311,0.59164,0.96463,0,0.64309,1.2862,0.32154,1.6077,0.32154,0,1.6077,0.32154,0.64309,0,0.32154,0,0.64309,1.2862,0,3.2154,0.32154,0.96463,0.96463,0.32154,0,0.32154,1.2862,0,2.2508,1.2862,0,0.64309,2.5723,0.32154,0.32154,1.6077,0.64309,1.2862,0.64309,2.8939,3.2154,0.96463,0.64309,1.6077,0,0.32154,0,0.32154,0.32154,0,0,0
2,sweatpnt.gam.txt,7,1.013452915,47,42.574,8.766,409,0.57213,3.423,1.7115,0,2.2005,0.2445,0.489,0,0.489,0,0.7335,0.489,0.978,0,1.7115,0.7335,2.445,0,1.7115,0.489,0,0.489,0.2445,0.2445,0.978,1.7115,0,1.956,2.445,2.445,0.978,0.2445,0,0.7335,0.7335,0.489,0,1.2225,2.2005,1.467,0.7335,0.2445,0.2445,0.7335,0.2445,0,0.7335,0.489,0,0,0
2,thtpower.gam.txt,9,0.892601432,132,45.924,9.8712,1299,0.38029,3.0793,0.076982,0.76982,4.311,0.76982,0.69284,0,1.0778,0.30793,0.53888,0.76982,0,0.076982,0.53888,0.61586,4.311,0.46189,1.3087,1.0778,1.4627,1.6166,0.38491,0.53888,0.46189,1.3087,0.15396,1.0778,0.76982,0.61586,0.23095,0.76982,0.15396,1.2317,0.92379,0.38491,0.38491,0.92379,4.0031,3.3872,0.30793,0.69284,1.6166,0.53888,0.46189,0.53888,0.53888,0.23095,0.30793,2.0785,0.76982
2,we_aint.gam.txt,7,1.073724008,59,42.136,8.8305,521,0.56622,2.4952,1.1516,0.38388,1.9194,0.95969,0.38388,0,0.19194,0.38388,0.57582,0.38388,0.76775,0,0.76775,0,2.6871,0.38388,1.5355,0.57582,0.76775,1.1516,0.19194,0.19194,0.19194,0.95969,0,0.57582,2.1113,1.7274,0.38388,0.57582,0,0.38388,1.1516,0,0.76775,0.19194,0.95969,3.263,0.19194,0.19194,2.8791,0.38388,0.19194,0.76775,0.95969,0.19194,0,0,0
2,youseeme.gam.txt,6,1.147727273,55,37.618,8.0727,438,0.5411,2.5114,0.45662,0.68493,1.5982,0.45662,0.68493,0,0.45662,0.68493,0.91324,0.68493,0.68493,0.45662,1.3699,0.68493,4.5662,0.68493,2.0548,0.91324,1.1416,0.45662,0.22831,0,1.1416,2.0548,0.68493,1.5982,1.1416,1.8265,0.68493,1.1416,0.22831,0.68493,0.91324,2.968,1.8265,0.22831,4.3379,1.8265,1.3699,0.68493,0,0.22831,0.45662,1.1416,0.68493,0.45662,0.91324,0,0
3,0_to_100.drk.txt,7,1.08365019,99,40.283,8.6465,852,0.39202,0.35211,0.8216,1.0563,1.1737,0.70423,0.35211,0,0.70423,0.58685,0.46948,1.5258,1.0563,0.23474,0.46948,0,3.169,0.58685,1.6432,1.1737,0.23474,1.6432,0.35211,0.46948,0.46948,0.8216,0.23474,1.6432,0.8216,2.4648,0.35211,0.58685,0.46948,0.11737,1.5258,2.23,1.8779,0.35211,6.6901,4.3427,1.4085,0.46948,2.5822,1.5258,1.0563,0.93897,0.58685,0.11737,0.8216,1.0563,0.46948
3,305.drk.txt,4,0.647696477,68,35.574,8.8088,593,0.26981,0.5059,0,0.33727,0.33727,0.5059,0,0,0.16863,0.67454,1.3491,0.33727,0.5059,10.961,0.5059,0,11.467,0,1.1804,0.84317,0.33727,13.997,0.16863,0.84317,0.33727,0,0,0,0.84317,0.16863,0,0.5059,0.16863,0.5059,1.1804,0,0.5059,1.1804,1.3491,1.855,0.5059,0.16863,1.1804,0.33727,0.16863,3.0354,0,0,0,0,0
3,6_god.drk.txt,4,0.817927171,52,35.962,8.1538,424,0.40094,3.5377,0.23585,0.23585,0.9434,0,0,0.4717,0,0.70755,0.70755,0.70755,1.1792,0.9434,0.70755,0.23585,5.4245,0,3.066,1.4151,0.70755,3.3019,0.4717,0.23585,1.1792,0.9434,0,0.23585,0.9434,0,0,1.1792,0.9434,0.23585,1.1792,0.9434,1.1792,0.4717,1.1792,4.2453,0,0.9434,1.6509,1.1792,0.4717,0,0.4717,0.70755,0,0,0
3,6_man.drk.txt,6,1.169611307,40,35.95,7.8,308,0.42532,0.64935,0,0.32468,0.32468,0.32468,0,0,1.6234,0,0.97403,0.64935,1.6234,0,0.64935,0,5.5195,0.32468,7.4675,0.64935,0.64935,0.64935,0.64935,0.32468,1.6234,1.2987,0,0.97403,0.97403,0,1.2987,1.6234,0,0,1.2987,0,1.9481,0,1.2987,4.5455,0.64935,2.2727,2.2727,0.32468,0,0,0,0,0,0,0
3,All_Me.drk.txt,6,1.130573248,77,46.792,10.221,782,0.38619,2.8133,0.89514,3.3248,1.2788,0,0.12788,0.63939,1.1509,0,1.1509,1.2788,0.89514,0.25575,1.7903,0,6.0102,0.38363,1.5345,0.76726,0.25575,1.023,0.76726,0.89514,0.38363,0.89514,0.63939,3.3248,1.1509,1.1509,1.1509,0.25575,0,0.38363,1.2788,0.51151,1.6624,0.12788,7.1611,2.9412,0,0.76726,1.023,1.2788,0.63939,0.51151,0.76726,0,0.25575,0,0
3,Back_to_Back.drk.txt,5,0.843220339,56,42.804,9.3393,523,0.42256,1.912,0.57361,0.1912,1.1472,0.38241,0.38241,0,0.38241,0.76482,0.57361,1.5296,0.57361,0.1912,0.76482,0.57361,4.7801,0.38241,1.3384,0.95602,0.57361,0.76482,0.57361,0.1912,0.38241,0.38241,0.1912,1.7208,1.1472,2.1033,0.1912,1.1472,0.1912,0.76482,0.57361,0.57361,0.76482,0,1.912,3.4417,1.3384,1.3384,3.6329,0.57361,0.38241,0,1.1472,0.76482,0.1912,0,0
3,Best_I_Ever_Had.drk.txt,5,0.805714286,90,39.656,8.9,792,0.28788,0.88384,0.88384,0.63131,1.6414,0,1.2626,0,0.25253,0.12626,0.37879,1.1364,0,0.75758,0.37879,0.88384,7.4495,0,0.25253,0.37879,0.12626,3.5354,0,0.25253,0.88384,0.88384,0.37879,1.1364,1.1364,0.75758,0.37879,0,0,0.12626,1.7677,1.6414,0.25253,0.37879,4.1667,2.904,0.75758,0.50505,0.88384,1.7677,0.12626,0.88384,0.50505,0.88384,0.12626,0,0
3,bigrings.drk.txt,5,1.043103448,71,31.563,7.0563,488,0.36066,4.3033,0.61475,1.0246,1.2295,0,0.40984,0,0.40984,0.40984,0.40984,1.6393,2.2541,0,5.7377,0,6.5574,0,0.40984,0.81967,0,0.40984,0.20492,0.40984,0,0.81967,0,2.8689,1.4344,5.5328,0,0,0,2.0492,0.20492,0.61475,0.61475,0.61475,3.6885,2.6639,2.0492,1.6393,0.81967,1.2295,0,0.40984,0.40984,0.20492,0,0,0
3,company.drk.txt,6,0.89375,94,27.383,5.8404,543,0.37753,0.73665,0.18416,1.2891,4.4199,0.18416,0,0.55249,0.73665,0,0.18416,1.4733,3.3149,0.73665,0,1.8416,4.9724,0.18416,0.36832,0.36832,1.2891,1.6575,0.36832,0.18416,0,1.105,1.105,1.6575,1.2891,0,0.36832,0.18416,0.55249,0.18416,0,3.6832,0.92081,0.73665,2.3941,1.4733,0.18416,0.55249,1.4733,0.92081,1.105,2.0258,0.55249,0.36832,0.92081,0,0
3,Energy.drk.txt,5,1.040816327,53,37.698,8.2453,433,0.38106,1.6166,0.46189,1.6166,2.3095,0.23095,0.69284,0,0.23095,0.23095,1.1547,0.69284,0.69284,0.46189,1.1547,0.46189,4.388,0.23095,0.92379,0.92379,1.1547,3.4642,0.69284,1.1547,7.8522,2.3095,0,1.6166,1.8476,0,0.23095,0.23095,0.69284,0.46189,0.69284,0.69284,1.1547,0.46189,6.2356,1.8476,8.3141,0.46189,1.1547,0.46189,0,0.23095,0.69284,0.46189,0.46189,0,0
3,Headlines.drk.txt,7,1.161375661,67,29.254,6.3134,416,0.28846,0.96154,0,0.24038,1.4423,0.24038,0.48077,0,0,1.9231,0.96154,1.2019,0,0.24038,0.96154,0,4.0865,0.48077,0,0.48077,0.24038,0,0,0.48077,2.1635,0.24038,1.9231,2.6442,3.6058,0,0.48077,0,0.48077,0.48077,1.9231,0,0,0,3.8462,1.4423,0,0,0.96154,0.24038,0.24038,0,0,0,0,0,0
3,Hotline_Bling.drk.txt,4,0.640816327,80,30.113,6.425,506,0.4249,2.3715,0.79051,0.19763,0.79051,0.39526,0,0.98814,0,0.79051,0.98814,0.39526,1.581,0,0.59289,1.3834,0.98814,0.39526,1.581,2.3715,0,0.98814,0.19763,0,1.1858,1.7787,0,0.19763,0.59289,3.5573,0,0.59289,0.59289,0,1.1858,1.9763,0.98814,0.39526,6.1265,4.3478,0,0.39526,0.98814,0.39526,0,2.3715,0.79051,0,0.39526,0,0
3,HYFR.drk.txt,5,1.015184382,51,32.882,7.3137,369,0.4336,0.81301,0.54201,1.897,2.71,0,0.81301,0,0.81301,0.54201,2.168,0.81301,0,0.81301,0,0.81301,3.794,0.81301,0,1.084,0.271,0.54201,0.271,1.626,1.897,0.54201,2.981,1.626,1.355,0,0.271,0.54201,0,0.271,0.271,0,0,1.626,5.1491,2.71,1.084,0,1.897,0,0,2.168,1.626,0,0,0,0
3,jumpman.drk.txt,5,0.849884527,122,20.328,4.7459,558,0.29032,3.7634,0.35842,0,4.1219,0.17921,0.17921,0,0.17921,0,1.0753,0.35842,0,0.17921,4.3011,0,3.0466,0,1.2545,3.9427,0.53763,0.71685,0,0.53763,1.2545,0.35842,0,0.17921,1.2545,0,0.17921,0.17921,0.35842,0.53763,4.6595,3.405,0.89606,0.17921,6.6308,6.0932,0,0.35842,0.89606,3.405,0,0.53763,0.35842,0,0,0,0
3,knowyour.drk.txt,5,0.97044335,39,44.615,9.359,360,0.41667,3.3333,0,1.1111,1.6667,0.55556,1.9444,1.1111,0.55556,0,0.27778,1.1111,0.83333,0.83333,1.6667,0,3.8889,0,2.2222,0,0.27778,0.83333,0.27778,0.55556,0,0.83333,0,1.6667,0.55556,3.0556,1.1111,0.55556,0,0.27778,1.1111,0.55556,0,0.27778,2.2222,1.9444,2.5,0.27778,1.1111,0.27778,0,0,0,0,0,0,0
3,Motto.drk.txt,11,1.267676768,61,33.689,7.6393,462,0.39827,4.9784,0.64935,0.64935,1.0823,1.2987,0.21645,0.21645,0.21645,0.21645,0.4329,0.21645,0.21645,0.4329,0.4329,1.0823,4.1126,0.21645,2.1645,1.7316,0.21645,0.8658,0.8658,1.0823,0.4329,0.8658,0.64935,1.7316,0.64935,0.21645,0.21645,0.21645,2.381,0,1.9481,1.5152,1.0823,0.8658,2.1645,2.5974,0,0,1.9481,1.0823,0,0.8658,0.4329,0.64935,0.64935,0,0
3,started.drk.txt,4,0.805907173,57,42.702,8.3684,472,0.4322,0.84746,0,0.42373,1.0593,0,0,0.42373,0,0.21186,0.63559,0.84746,0.42373,0.21186,0.21186,0.42373,4.4492,0,0.42373,0.42373,0.21186,0.21186,0,3.178,0.63559,1.4831,0,1.0593,1.2712,0,0.21186,1.0593,0.42373,0.21186,1.4831,0.21186,0,0.21186,1.2712,2.1186,2.1186,0,2.5424,2.3305,0.63559,0.63559,0,0,0,0,0
3,TakeCare.drk.txt,6,1.014044944,64,31.094,6.8906,434,0.43548,2.0737,0.23041,0,1.8433,0.46083,0,0,0.23041,0.23041,1.1521,0.46083,0.23041,0.92166,0.23041,0,4.6083,0.69124,1.3825,0.69124,0.23041,2.0737,0,0.69124,3.2258,0.69124,0,1.1521,2.5346,1.3825,0.92166,0,0,0,0.69124,0.23041,2.3041,0.46083,4.6083,2.5346,1.3825,0.69124,1.1521,1.8433,1.1521,0.46083,0,0.23041,0,0,0
3,Tuesday.drk.txt,6,1.030201342,57,39.474,8.0526,453,0.28477,1.3245,0.22075,0.22075,0.66225,0.883,0,0,0,0,0.883,0.22075,1.9868,0.22075,0,0,2.2075,0,0.4415,0.22075,0,1.3245,0.4415,0.66225,0,0.66225,0,0.4415,1.9868,3.7528,0.4415,0.22075,6.181,0,0.66225,0,0,0,0.66225,10.375,0,0,0.883,0,0,0,0,0,0,0,0
3,tuscan.drk.txt,6,1.084639498,66,48.894,9.8939,651,0.49002,1.9969,0,1.2289,1.2289,0.30722,0.15361,0,0.46083,0.15361,1.0753,1.5361,0.61444,0.76805,0.61444,0.15361,3.533,0.61444,1.0753,0.61444,0.92166,1.5361,0.15361,1.2289,0.46083,1.6897,0.30722,1.3825,1.6897,1.9969,0.30722,0.46083,0.61444,0.92166,1.6897,0,1.2289,0,2.6114,3.3794,0.92166,1.0753,2.4578,0.61444,0.15361,0.76805,0.15361,0.30722,0.76805,2.4578,0
4,a_fuck.mnm.txt,7,1.084019769,98,32.224,7.0306,682,0.45015,2.1994,0.87977,0.14663,4.2522,0.73314,0.58651,0.14663,1.4663,0.43988,0.43988,0.29326,0.58651,0.87977,0.58651,0,1.9062,0.73314,0.58651,0.87977,0.29326,1.173,0.58651,1.9062,0.43988,0.58651,0,1.3196,0.58651,0,1.173,0.73314,1.0264,0.43988,0.43988,0,0.43988,2.1994,2.1994,0.43988,0.29326,0.87977,3.5191,1.3196,0.29326,1.3196,0.43988,0.43988,0.87977,0,0
4,bitchshd.mnm.txt,4,1.09375,84,33.714,7.2619,599,0.46411,0.83472,0.16694,0.33389,1.1686,0,0.33389,0,1.3356,0.50083,0.66778,0.66778,0.33389,0.33389,0.66778,1.6694,6.177,0.66778,1.6694,0.33389,0.33389,1.8364,0.50083,1.0017,0.50083,1.1686,0.33389,1.5025,3.6728,0,0.50083,0.50083,0.50083,0.66778,1.0017,0.33389,0.33389,0.83472,1.6694,2.6711,0.33389,1.5025,2.6711,0.83472,0.16694,0,0.66778,0.50083,0.16694,0,0
4,Bully.mnm.txt,5,1.015988372,9,28.444,5.6667,49,0.81633,0,0,0,0,2.0408,2.0408,0,0,0,2.0408,2.0408,0,0,0,0,0,0,0,6.1224,2.0408,0,0,0,0,0,0,0,0,0,0,0,0,0,0,0,0,0,0,0,0,0,0,0,0,0,0,0,0,0,0
4,cleanin_out_my_closet.mnm.txt,6,1.155172414,90,36.733,7.4222,654,0.53517,2.9052,0.15291,0,1.9878,0.15291,0.15291,0.45872,0.61162,0.30581,1.2232,0.30581,0.76453,0.76453,0.30581,0,2.5994,0.15291,3.0581,1.0703,1.0703,1.2232,0.15291,1.2232,0.15291,1.3761,0,0.91743,1.0703,0,0.45872,0.30581,0,0.76453,1.0703,0,0.45872,0.45872,0.76453,4.2813,0.15291,0.76453,1.682,0.61162,0.30581,0.15291,0.30581,0.45872,0.61162,0,0
4,guilty.mnm.txt,6,0.925037481,5,31,6.6,31,0.87097,0,0,0,9.6774,0,0,0,0,3.2258,0,0,0,0,0,0,6.4516,0,0,0,0,0,0,0,0,0,0,0,0,0,0,0,0,0,0,0,0,0,0,0,0,0,0,0,0,0,0,0,0,0,0
4,Hailies_song.mnm.txt,6,1.335060449,87,41.621,8.8391,763,0.37615,0.91743,0.13106,0.13106,1.7038,0.65531,0.26212,0.39318,2.097,0.26212,0.26212,0.65531,0,0.26212,0.13106,0.65531,6.1599,0.39318,2.4902,1.0485,0.26212,1.1796,0.26212,0.65531,0.39318,0.13106,0,1.4417,2.228,0,0.52425,0.52425,0.91743,0.52425,0.13106,0.26212,0.52425,0.65531,0.78637,1.5727,0.52425,0.39318,3.9318,0.52425,1.5727,0,0.65531,0.39318,0.26212,0,0
4,if_i_had.mnm.txt,5,0.984076433,100,33.49,7.11,688,0.47529,1.8895,0.14535,0.43605,2.0349,0.72674,0.72674,0.87209,0.72674,0.43605,0.87209,0.5814,1.4535,0.72674,0.2907,1.5988,1.5988,0.72674,0.14535,1.4535,0.43605,1.3081,0.5814,0.2907,0.43605,0.2907,0,0.2907,0,0,0.43605,0.87209,0.43605,1.3081,0.5814,1.1628,1.3081,0,2.0349,2.4709,0.14535,2.0349,2.0349,0.14535,0,0,0.87209,0,0.72674,0,0
4,iller.mnm.txt,8,1.148558758,89,39.18,8.1573,722,0.39058,3.4626,0.27701,0.41551,1.5235,0.41551,1.108,0,0.55402,0.1385,0.1385,0.83102,0,0.1385,0,0,2.2161,1.2465,3.1856,1.108,0.55402,0.55402,0.27701,0.27701,0.69252,0,0,0.96953,0.96953,0,0.1385,1.5235,0.1385,6.6482,1.2465,0,0.69252,0.27701,0.55402,2.4931,0.83102,0.83102,2.0776,0.1385,0.27701,0,1.2465,0.69252,0.55402,0,0
4,im_shady.mnm.txt,6,1.105621806,118,39.678,8.1271,947,0.46357,1.7951,0.52798,0.1056,2.5343,0.52798,0.31679,0.52798,0,0.52798,0.31679,0.42239,0.73918,1.5839,1.056,0.31679,2.4287,0,0.73918,1.1616,0.95037,0.84477,0.84477,0,0.1056,1.2672,0,1.6895,1.3728,0.52798,1.4784,0.21119,0.42239,0.42239,0.63358,0.21119,0.73918,0,0.63358,2.8511,0.73918,1.056,1.3728,0.52798,0.42239,0.31679,0,0.42239,0.63358,0,0
4,lose_yourself.mnm.txt,8,1.472566372,68,43.559,9.7206,651,0.41628,1.8433,0,0,3.533,0.15361,0.15361,0,0.15361,0.30722,1.3825,0.15361,0.30722,0.15361,1.6897,0.15361,5.9908,0.15361,2.9186,0.92166,0.30722,1.3825,0.15361,0.76805,0.61444,1.2289,0.15361,1.3825,1.8433,0,0.15361,0.46083,0,0.30722,0.30722,0.30722,0.76805,0.61444,0.92166,1.6897,1.2289,0.30722,1.8433,0.30722,0.15361,0.15361,0.30722,1.5361,0.30722,0,0
4,low_down.mnm.txt,7,1.293220339,78,38.321,8.0641,623,0.48796,1.4446,0,0.64205,2.2472,0,0.16051,0,1.6051,0.48154,0.64205,0.48154,0,0.48154,0.48154,0.16051,1.6051,0,0.32103,1.2841,1.1236,1.2841,0.96308,0,0,0.32103,0.16051,0.64205,0.96308,0,0.96308,0.96308,0.16051,0.32103,1.1236,0,0,0.96308,1.1236,4.0128,0.16051,1.6051,2.7287,0.80257,0.16051,0.16051,0.32103,0.32103,0,0,0
4,marshall_mathers.mnm.txt,8,0.946466809,76,38.566,7.6184,573,0.61257,2.0942,0,0.69808,1.9197,0,0.52356,0.8726,0.8726,0.52356,0.34904,0.17452,0.8726,0.34904,0.34904,0.52356,2.2688,0.52356,1.3962,1.3962,1.3962,1.7452,0.52356,0.8726,0,2.2688,0.17452,0.52356,1.5707,0,0.17452,0.17452,0,1.0471,0.8726,0,0.69808,0.34904,0.69808,2.6178,0.69808,1.2216,1.0471,0.52356,0.8726,0,0.34904,0.34904,1.0471,0,0
4,murder.mnm.txt,6,1.207177814,104,44.077,9.1058,941,0.45802,2.0191,0.10627,0.95643,3.7194,0.85016,0,0.63762,0,0.21254,0.85016,0.53135,1.7003,0.85016,0.31881,0.63762,2.5505,0.31881,0.63762,1.3815,0.53135,0.63762,0.21254,1.3815,0.21254,1.3815,0.42508,3.8257,0.53135,0,0,0.31881,0.63762,0.95643,0.42508,0.63762,0.63762,0.53135,2.763,2.2317,1.169,0.63762,2.2317,0.63762,0.63762,0,0.53135,0.42508,0.95643,0,0
4,mynameis.mnm.txt,5,1.144620811,72,42.806,8.9167,639,0.53991,3.1299,0.31299,0.15649,3.2864,0.46948,0.46948,0.46948,0.78247,0.15649,0.15649,0.93897,0.62598,0,0.31299,2.1909,2.5039,0.15649,1.0955,2.3474,0.31299,1.5649,0.15649,0.31299,0,0.78247,0,0.78247,0.46948,0,0,0.46948,0.15649,0.62598,0.78247,0.46948,0.31299,0.31299,0,7.1987,0.78247,0.62598,1.8779,1.7214,0.62598,0.31299,0.46948,0.31299,0.93897,0,0
4,my_fault.mnm.txt,6,0.902439024,70,35.814,7.6857,529,0.50095,0.75614,0.37807,0,2.4575,0.75614,0.37807,0.18904,0,0.18904,0.37807,0.18904,0,0.75614,0,0.56711,3.4026,0,1.5123,1.1342,0,0.18904,0.75614,0.56711,0.37807,0,0.18904,0.56711,1.5123,0,0.37807,1.3233,0.56711,0.37807,0.37807,1.1342,0,0.56711,0.18904,3.0246,0,0.75614,2.8355,1.3233,0.56711,0.56711,0.56711,0,0,0,0
4,PSA_shdy.mnm.txt,4,0.677777778,66,41.621,8.8788,576,0.56771,2.6042,0.34722,0.17361,2.4306,0.34722,0.86806,0.17361,0.17361,0.69444,0.34722,0.52083,0.69444,0.86806,0.34722,0.69444,5.3819,0,0.69444,1.5625,0.69444,0.17361,0.17361,0.69444,0.17361,1.0417,0,1.2153,3.2986,0,0.17361,0.34722,0,1.0417,0.34722,0,0,0.69444,0.86806,2.6042,0.17361,0.52083,2.6042,0.69444,0.52083,0,0.17361,0.69444,0.52083,0,0
4,role_model.mnm.txt,7,1.023923445,67,46.075,9.9254,661,0.49168,3.3283,0.15129,0,3.3283,0.30257,1.059,0.15129,0.15129,0.30257,1.3616,0.30257,0.75643,0.60514,0.45386,0.60514,4.6899,0.60514,1.8154,0.75643,0.45386,1.2103,0.15129,1.2103,0,1.2103,0.15129,1.8154,1.2103,0,0.15129,0.15129,0.45386,0.45386,0.90772,0,0.15129,0.60514,0.90772,2.118,0,0.60514,2.7231,1.3616,0.30257,0.30257,0.30257,0.90772,1.8154,0,0
4,still.mnm.txt,6,0.933673469,72,39.986,8.5278,601,0.50083,4.8253,0,0.99834,2.4958,0.16639,0,0,0.66556,0.99834,0.66556,0.83195,1.8303,0.66556,0.33278,0,4.9917,0.16639,1.9967,1.1647,0.49917,0.33278,0,0.16639,0.16639,0.16639,0,0.83195,2.6622,0,0,0.66556,0.33278,1.4975,0.99834,0,0.33278,0.83195,0.83195,4.1597,0,0.99834,1.4975,0,0.83195,0,0.33278,0.16639,1.8303,0,0
4,the_real_slim_shady.mnm.txt,5,0.968627451,82,42.939,9.1707,746,0.45174,1.8767,0.13405,0.80429,3.6193,0.53619,0.93834,0.2681,1.3405,1.3405,0.67024,0.2681,0.80429,0.40214,0.40214,0.80429,2.0107,0.40214,1.4745,1.0724,0.93834,1.3405,0.40214,1.4745,0.80429,1.7426,0.2681,1.7426,0.53619,0,0.40214,0.67024,0,1.7426,1.4745,0.40214,0.40214,1.0724,3.0831,2.681,0.67024,0.13405,2.0107,1.2064,0,0.40214,1.0724,0.2681,0.40214,2.9491,0
4,twoofus.mnm.txt,5,0.736111111,97,34.351,7.9794,765,0.3634,2.7451,0,0.39216,4.0523,0.13072,0.39216,0,0.65359,0.65359,1.3072,0.78431,0,0.52288,0.26144,1.9608,2.0915,0.39216,0,1.3072,0.26144,0.52288,0.39216,3.268,0.26144,0,0.65359,0.78431,0.13072,0,0.65359,0.26144,0.52288,2.7451,0.65359,1.0458,0,0.26144,0.78431,3.6601,0,0.52288,1.5686,0.52288,0.39216,2.2222,0.13072,0.91503,0.26144,0,0
5,allcould.ezy.txt,9,1.089238845,54,33.87,7.5741,404,0.4901,2.9703,0,3.4653,1.7327,0.74257,0.49505,1.2376,0.9901,1.2376,0.74257,0,1.9802,0.9901,1.2376,0,5.9406,0.49505,1.7327,1.9802,0.9901,0.24752,2.9703,0.9901,0,2.9703,0,1.7327,0.74257,0,0,1.2376,0.24752,0.49505,0.49505,0.49505,0,0.74257,2.7228,2.2277,1.4851,0.74257,2.4752,0.74257,0.24752,0.49505,0.9901,0,0,0,0
5,almost.ezy.txt,6,1.427272727,49,32.306,6.5102,312,0.61859,0.96154,0,0,0.96154,0.32051,0,0.64103,0.64103,0.32051,0.32051,0.32051,0.96154,0,0.96154,0,2.2436,0.64103,2.8846,1.6026,0.64103,1.2821,0.32051,0.64103,0,0.96154,0,0.96154,1.2821,0,0.96154,0.32051,0.64103,0.32051,0.96154,0,0.96154,0.32051,0.32051,3.2051,0,1.2821,3.2051,0.32051,0,1.6026,0,0,0,0,0
5,calm_down.ezy.txt,4,0.973584906,46,35.304,7.413,337,0.48368,2.0772,0.29674,0.29674,1.4837,0.59347,0.29674,0.29674,0.29674,0.59347,0.59347,0.59347,1.1869,0.89021,0.29674,0.59347,2.6706,0.59347,2.0772,0.29674,3.2641,1.1869,0.89021,0,0,1.4837,3.2641,1.7804,3.8576,0,1.1869,1.1869,0.59347,0.89021,1.1869,0,1.4837,0.89021,1.1869,4.7478,0.29674,0.29674,0.59347,0.89021,0,0.29674,0,0.29674,0.89021,0,0
5,change_the_station.ezy.txt,6,1.107692308,58,40.172,8.2069,472,0.41525,2.7542,2.1186,0.21186,1.2712,0,0,0,1.4831,0,0.42373,0.21186,0.63559,0,0.21186,0,3.6017,0.42373,2.7542,0.42373,0.42373,2.1186,0.21186,1.0593,0,0.42373,0.42373,2.1186,2.1186,0,0.42373,0.21186,0.21186,1.6949,1.2712,0.21186,0.42373,0,0.42373,4.2373,1.0593,0,0.84746,2.1186,0,0,1.2712,0.42373,0,0,0
5,hang_ten.ezy.txt,5,1.199203187,65,25.4,5.6462,363,0.41873,2.4793,0,0,1.9284,0.55096,0,0,0.82645,0.55096,0.27548,1.9284,0,0.55096,0.27548,1.1019,2.4793,0.27548,2.4793,0.27548,1.3774,1.1019,2.7548,0,0,0.55096,0,1.3774,1.3774,0,0.55096,0.55096,0.82645,0.27548,0.27548,1.1019,0.55096,0,3.8567,1.3774,1.3774,1.3774,2.4793,0,0,1.6529,0,0,0,0,0
5,hello.ezy.txt,7,1.056179775,34,37.206,7.6176,253,0.62451,3.5573,0,0,1.9763,0.79051,1.1858,0,0.39526,0.39526,0.39526,0.79051,0,0,0,0,1.9763,0.79051,1.581,0.39526,2.3715,2.3715,0.39526,0.39526,0.39526,0.39526,0.39526,1.1858,1.1858,0,0,0.79051,1.581,0,1.1858,0,0,0.39526,0,5.1383,1.1858,0.39526,1.581,0,0,0,0,0,0,0,0
5,just_believe.ezy.txt,6,1.204301075,49,34.061,7.449,364,0.59615,2.7473,0.27473,0,1.3736,0,0.82418,0,1.0989,0.54945,0.27473,0.82418,0.27473,0.54945,0.27473,0.54945,4.9451,0.54945,1.6484,0.27473,1.0989,1.9231,0,0.82418,0.54945,0.27473,0,0.54945,3.022,0,1.0989,0.27473,0.27473,1.0989,0.27473,0.82418,0.82418,0,0.82418,2.4725,0,0.82418,3.5714,0.54945,0.27473,0,0.27473,0.82418,0.82418,0,0
5,ladykill.ezy.txt,5,1.050505051,39,43.179,9.3333,361,0.52632,2.2161,0.27701,0.55402,2.7701,1.108,1.385,0,0.83102,0,3.0471,0.83102,1.108,0.27701,0.27701,3.3241,3.3241,1.662,3.3241,0.55402,0.27701,0.83102,0,0.55402,1.385,2.2161,0,2.4931,0.83102,0,0.27701,0.55402,0.55402,1.108,1.385,1.9391,0,1.385,3.6011,1.662,0,0.27701,1.9391,0.27701,0,0,0,0.83102,0,0,0
5,mad.ezy.txt,5,0.950310559,43,29.884,6.7209,287,0.55052,2.0906,0.34843,1.7422,1.7422,0,1.3937,0,1.3937,1.3937,0.34843,0,0,0,0.34843,0,4.5296,1.0453,1.3937,1.0453,1.3937,0.69686,0.34843,1.0453,2.439,1.0453,0.69686,2.0906,1.3937,0,0.69686,0,0,0.34843,1.3937,1.0453,0,2.0906,3.8328,1.7422,0.34843,2.0906,0.69686,0.69686,0.69686,1.3937,0,0,0,0,0
5,make-up.ezy.txt,7,1.082437276,39,32,7.1026,273,0.51282,1.0989,0,1.0989,3.2967,0.3663,0.7326,0,2.1978,0,0.3663,2.9304,1.0989,0.3663,0.3663,1.8315,3.2967,0,1.8315,1.4652,0.7326,1.8315,1.8315,0.7326,1.4652,0,0,2.1978,1.4652,0,0,0.3663,0.3663,0,0.3663,6.2271,0,1.8315,5.4945,4.0293,0.3663,0,0.7326,2.5641,1.0989,0.7326,1.0989,0,0,0,0
5,mango.ezy.txt,6,0.908196721,58,33.741,7.431,426,0.38498,2.5822,0.23474,0,2.5822,0,0,0,0.23474,0.93897,0.23474,0.23474,0,0.70423,0.70423,0.70423,4.6948,0.23474,1.1737,1.1737,0,1.6432,0,0.23474,0.70423,0.93897,0,4.4601,0.93897,0,0,0,0,0.23474,0.70423,0.70423,0,0.46948,2.5822,1.6432,0,0.23474,2.8169,1.1737,0.23474,0,0,0,0,0,0
5,marilyn.ezy.txt,6,1.053824363,49,37.98,8.0816,392,0.47194,0.76531,0,0.76531,1.2755,0.5102,1.2755,0,1.7857,0.5102,0,0.5102,1.0204,0.76531,0,0.5102,6.3776,0.76531,0.2551,0.76531,1.5306,1.7857,1.5306,0.76531,1.7857,1.2755,1.0204,2.551,0.76531,0,0.2551,0.5102,0,0,0.5102,1.5306,0.5102,1.5306,3.0612,2.551,0,0.2551,2.8061,0.2551,0,0.76531,1.0204,0.76531,0,0,0
5,memyself.ezy.txt,6,1.354066986,104,29.279,6.8365,700,0.28286,1.4286,0.14286,0.71429,1.5714,0.14286,0.42857,0,1,0.14286,1.8571,1.1429,0.57143,1.1429,1.4286,0,5.4286,0.14286,1.7143,1.2857,1.4286,1.7143,1.1429,1.4286,0.71429,0.42857,0.14286,5.1429,1.7143,0,0.14286,0,0.42857,0.57143,0.28571,0,0.42857,0.14286,1.5714,2.5714,0.28571,0.85714,3.1429,0,0,0.42857,0.28571,0.85714,0,0,0
5,opportunity_cost.ezy.txt,5,1.076175041,80,36.9,7.825,623,0.48957,2.5682,0.16051,0.80257,3.3708,0,0.80257,0.16051,0.64205,0.32103,0,0.16051,0.32103,0.64205,0.32103,0,3.8523,0.16051,1.6051,1.6051,0.32103,0.96308,0.80257,2.2472,0.64205,0.48154,0.16051,1.6051,0.80257,0,0.16051,0.32103,0.64205,1.1236,0.96308,0.16051,1.2841,1.1236,1.9262,2.7287,0.32103,0.16051,2.8892,0.80257,0.64205,0.48154,0.64205,1.2841,0.80257,2.0867,0
5,random.ezy.txt,6,1.182716049,66,34.091,7.197,471,0.43524,1.9108,0.63694,0.84926,3.1847,0.21231,0.63694,0,0.21231,0.21231,0.63694,0.84926,0.42463,0.21231,1.9108,0,6.1571,0.63694,1.6985,0.84926,2.3355,3.6093,0.21231,0.21231,0.21231,0.63694,0,1.0616,0.21231,0,0.42463,2.3355,0.84926,0.21231,0,0.84926,1.2739,0.21231,1.0616,2.7601,0.63694,1.9108,2.9724,0.21231,0.63694,0,0.84926,1.2739,0.21231,0,0
5,run_sue.ezy.txt,5,0.927170868,43,35.977,7.7674,328,0.50915,1.8293,0,0,1.2195,0.60976,0.60976,0,1.2195,1.2195,0,0.91463,0.30488,0.30488,0,0.30488,4.5732,0.60976,0.60976,0.30488,0,1.8293,0,0,0,0.60976,0.30488,2.439,0.91463,0,0.60976,1.8293,0.30488,0.91463,0.30488,5.7927,0,0.30488,0.60976,3.3537,0,0,2.439,0,0,0,0,0,0,0,0
5,sad_boy.ezy.txt,6,0.978891821,64,34.672,7.2969,463,0.48596,1.9438,0.43197,1.2959,2.8078,0.21598,1.0799,0.43197,0.86393,0.64795,0.64795,2.3758,0.21598,0.64795,1.0799,0.21598,3.0238,0,0.64795,1.0799,1.2959,0.64795,0.21598,0.43197,0.43197,1.5119,0,0.43197,0.64795,0,0,0,0.64795,1.2959,0.43197,0,0.21598,2.8078,1.5119,4.1037,0.21598,0.43197,1.7279,0.64795,0.86393,0.43197,1.9438,0.43197,0,0,0
5,these_things_happen.ezy.txt,5,1.014367816,37,44.297,8.8919,329,0.6231,5.1672,0,0.6079,1.8237,0.30395,0,0.30395,0.6079,0.30395,0,0.30395,0.91185,1.5198,0,0.30395,2.4316,0.30395,0.6079,0.30395,0.6079,1.5198,0.30395,1.2158,0,0.91185,0,1.8237,1.2158,0,0,0,0,1.2158,3.0395,0.30395,0.30395,0,0.6079,2.7356,0,0.6079,2.1277,1.2158,1.2158,0.30395,0,0,0,0,0
5,wllknown.ezy.txt,6,1.21761658,43,42.326,8.907,378,0.53439,1.3228,0.5291,0.5291,1.8519,0,0.26455,0.79365,0.5291,1.3228,0.5291,1.0582,0.79365,1.3228,0,0.5291,2.9101,0.5291,3.1746,1.8519,0.26455,1.5873,1.0582,0.5291,0.79365,2.381,1.5873,1.0582,2.6455,0,0.5291,0.26455,0.26455,0.5291,1.8519,1.0582,1.0582,0.5291,2.9101,2.1164,1.3228,0.5291,0.26455,0.5291,0,0.5291,0,0.5291,1.0582,0,0
5,you_got_me.ezy.txt,4,0.808510638,82,28.402,6.4878,526,0.24715,1.1407,0.57034,0.19011,1.1407,0,0.19011,6.2738,0.19011,0.19011,0.19011,0,9.3156,0.95057,7.0342,0.38023,1.1407,0,0.95057,0.57034,0.19011,0,0.19011,0.38023,0.19011,0.38023,0,7.7947,1.1407,0,0.57034,0,0,0.76046,0.38023,0.38023,1.3308,0,0.38023,2.8517,0.38023,0.76046,1.5209,7.7947,0,0,0,0,0,0,0
6,backseat.igg.txt,5,0.924901186,55,28.636,6.5273,350,0.31429,0.28571,0,0.85714,0.85714,0,0.57143,0,0.28571,0.28571,0.28571,2.2857,0,2,0,0,1.4286,0.28571,0.85714,3.7143,0,5.7143,0.57143,0,0.57143,0,3.7143,0.28571,1.7143,0,0.57143,0.85714,0.28571,0.85714,1.1429,0,1.1429,0.85714,11.429,5.4286,0.28571,0.28571,3.4286,0.57143,0,0,0,0,0,0,0
6,blkwidow.igg.txt,4,0.772079772,78,28.179,6.4103,488,0.35861,1.2295,0.40984,1.2295,1.6393,0.20492,1.4344,0,1.2295,0.20492,0.20492,2.8689,0,0.20492,0.40984,0,2.6639,0.40984,2.8689,0.61475,0.61475,3.4836,1.4344,0.61475,0,1.2295,3.2787,2.0492,0.20492,0,0.20492,0.61475,2.459,0,0.81967,0,0.20492,0.81967,1.8443,1.4344,0.20492,1.0246,2.459,0.20492,0.61475,0.40984,0.20492,0.20492,1.0246,0,0
6,changeyo.igg.txt,6,0.689486553,92,28.337,6.1087,541,0.4122,1.1091,0.36969,0.73937,2.2181,0,0.18484,0,0.18484,0.18484,0.36969,0.55453,0,0.92421,1.1091,0,3.1423,0.92421,0.36969,1.2939,0.18484,1.1091,0,0.55453,0,0.36969,0.36969,0.55453,0.73937,0.73937,0.55453,0.18484,0,0.55453,0.73937,0.92421,1.1091,0.18484,3.8817,2.0333,0.73937,0.36969,0.73937,1.4787,0.36969,1.6636,0.36969,0.18484,0.55453,0,0
6,dropthat.igg.txt,5,0.958791209,37,42.459,9.1892,336,0.52976,1.4881,0.29762,0.59524,2.6786,0.29762,0.29762,1.4881,0.29762,0.59524,1.1905,1.1905,0,0,2.9762,0,3.5714,0.29762,0.59524,0.59524,0.29762,4.4643,0.59524,0.29762,0.29762,0.59524,0,1.1905,0.59524,0,0,0.29762,0.59524,0.59524,0.89286,0,0.89286,1.4881,3.2738,2.381,0.89286,0.29762,1.1905,0.59524,0,1.1905,0,0,0,0,0
6,fancy.igg.txt,5,0.956185567,62,28.984,6.5968,395,0.48354,1.2658,0,0.50633,1.0127,0.75949,0.25316,0.25316,0,1.2658,0.75949,0,0.25316,1.0127,0.25316,0,4.3038,0.50633,1.2658,1.2658,0.25316,1.7722,0.25316,1.0127,0.25316,1.519,0.25316,0.25316,2.0253,0,0.75949,1.519,0.25316,0.75949,2.2785,0,0,1.519,6.8354,2.7848,1.0127,1.2658,1.0127,0.75949,0,0.50633,1.0127,0,0.25316,0,0
6,flash.igg.txt,5,0.885644769,57,36.281,8,451,0.43016,2.6608,0,0.22173,1.9956,0,1.7738,0,0,0.66519,0.44346,0.66519,0.44346,0.66519,0.22173,0,4.878,0.22173,1.5521,2.2173,0,1.9956,0.66519,0.44346,0.66519,2.2173,0.66519,2.8825,0.66519,0,0,0.44346,0.44346,0,1.7738,0,0.44346,0.44346,1.5521,3.5477,0.22173,0.44346,1.3304,1.7738,0,0.66519,0.44346,0.88692,0,0,0
6,goddess.igg.txt,6,0.996865204,48,31.625,6.8542,321,0.5919,2.8037,0.93458,0.31153,0,0,0.62305,0,1.2461,0.93458,0.31153,0,0,1.8692,0.62305,0,3.1153,0.93458,0.31153,1.2461,0,1.8692,0.31153,0.62305,0.93458,1.2461,0,2.1807,0.31153,0,0.62305,0,0.62305,0.62305,0.31153,0.62305,0,0.31153,4.3614,3.7383,0.31153,1.2461,2.8037,0.31153,0,0.31153,0,0.93458,0,0,0
6,hello.igg.txt,8,0.803738318,52,30.288,6.8846,355,0.4338,1.9718,0,0.28169,2.8169,0.56338,0.28169,3.0986,0.56338,1.9718,0.56338,0,1.1268,0.28169,0.56338,0,5.9155,0.56338,2.2535,1.1268,0.56338,0.28169,0,0.28169,0.28169,1.9718,0,1.4085,0.84507,0,1.4085,1.4085,0,1.1268,2.8169,0,0.28169,0.56338,0.56338,1.4085,1.4085,0.56338,1.4085,0.28169,0.56338,0,1.4085,0,0,0,0
6,imposs.igg.txt,4,0.666666667,72,24.167,5.2222,362,0.35912,1.9337,0,0.27624,0.82873,0.27624,0.55249,0,0.27624,2.4862,1.6575,1.9337,0,0.27624,0.27624,0,1.105,0,0.27624,0,2.7624,5.2486,0.27624,0.27624,0,1.105,0.55249,1.105,1.105,0,0.82873,1.9337,0,0,3.8674,0,0,0.27624,2.2099,1.105,0,1.9337,2.7624,0,0,0,0,0,0,0,0
6,jstaskin.igg.txt,4,0.867256637,35,28.343,6.5714,223,0.56951,3.5874,0.44843,0.44843,2.2422,0,0.89686,0,0.89686,0.44843,0,0.89686,0,0,1.3453,0.89686,7.1749,0.89686,1.7937,0,0,0.89686,0.89686,1.7937,2.2422,1.3453,0,1.3453,0.44843,0,0.44843,1.3453,0,0,0.89686,2.2422,0.89686,0.44843,3.5874,0.44843,0,0.44843,1.7937,0.44843,0.89686,0,0,0,0,0,0
6,lastsong.igg.txt,6,1.155015198,55,28.8,6.6,361,0.44598,3.6011,0.55402,0.55402,1.108,0.27701,1.108,0,1.9391,0.27701,3.6011,1.108,1.108,0.83102,0.27701,0,5.8172,0.83102,1.385,1.108,0.55402,0.27701,0.27701,0.83102,0.55402,1.385,0.83102,0.83102,1.385,0,0.83102,0.27701,0.27701,0,0.27701,0,0,0.55402,2.4931,1.662,1.108,0.55402,2.4931,0,0,0.27701,0.27701,0.27701,0,0,0
6,ldypatra.igg.txt,6,1.098712446,44,26.75,5.8409,243,0.60082,3.7037,0.41152,0.82305,1.6461,0,0.41152,1.6461,1.2346,0,0,0,1.6461,0.82305,1.2346,1.2346,0.82305,0,0.82305,0.82305,0,4.1152,0,0,0,3.7037,0,1.6461,1.2346,0,0.41152,0.82305,0,0,1.6461,2.8807,0,1.2346,6.1728,5.3498,0.82305,0.41152,0.82305,0,0,0,0,0,0,0,0
6,memyself.igg.txt,5,1.134328358,90,28.267,6.0556,539,0.41558,0.74212,0.55659,0.55659,1.1132,0,0.18553,0.92764,0,0.18553,0.37106,0.18553,0.74212,0.18553,0,0,2.0408,0.92764,2.0408,0.74212,0.74212,1.8553,0.92764,1.6698,0.37106,1.1132,0,3.8961,5.5659,0,0.55659,0.18553,0,0.55659,1.1132,0,2.0408,0.18553,2.4119,3.7106,1.4842,0.37106,0.74212,0.37106,0,0.37106,0.55659,0,0,0,0
6,milliond.igg.txt,6,1.008152174,58,31.586,6.7069,382,0.50524,1.3089,0.26178,0.78534,1.8325,0,0,0.78534,0,0.26178,0,1.5707,0,1.5707,0.78534,0,5.2356,0,0.78534,1.3089,0.26178,0.26178,0.26178,0,0.52356,0.78534,0,0.26178,1.3089,0,1.0471,0.52356,0,0,2.6178,0.52356,0,0,4.1885,3.6649,0.26178,0,0.78534,1.0471,0,0,0,0,0,0,0
6,murdabiz.igg.txt,6,1.286103542,139,19.504,4.2878,572,0.33741,1.3986,0.6993,0.52448,0.6993,0,0.17483,0,0.17483,0,0,0,0,1.049,0.17483,0,2.0979,0.17483,1.2238,3.8462,0.17483,0.34965,1.3986,0.17483,0.17483,0,0,0.17483,1.2238,0.6993,0,0.34965,0.17483,0.87413,1.2238,0.34965,1.2238,0,1.5734,6.2937,1.2238,0.17483,0.34965,0.17483,0.17483,0,0,0,0,0,0
6,my_world.igg.txt,6,1.344827586,67,24.209,5.1045,331,0.50151,0.90634,0.30211,0,0.90634,0,0.30211,3.6254,0,0.30211,0,0.90634,0,0.90634,0.30211,0,1.2085,0,1.5106,2.4169,0.60423,0.90634,0.60423,0,0.30211,0,0,0.90634,2.1148,0,0.30211,0.30211,0.30211,2.1148,1.5106,0.30211,1.5106,0,0.90634,4.5317,0,1.5106,0.60423,0,0,0,0,0,0,0,0
6,newb-tch.igg.txt,6,1.060606061,72,25.167,5.6389,392,0.53827,1.5306,0.2551,0.76531,3.5714,0,1.0204,1.7857,0.76531,0.2551,0.5102,0.5102,0,0.2551,0.5102,0.5102,2.2959,0.5102,2.551,2.0408,1.2755,1.5306,0.76531,0.76531,1.5306,0.76531,0,0,0.76531,0,0.5102,0.2551,0.2551,0,1.0204,2.0408,1.0204,0.76531,3.5714,2.8061,0.5102,1.0204,0.76531,1.2755,0.5102,1.5306,1.2755,0.5102,0.2551,0,0
6,pussy.igg.txt,5,0.889400922,43,24.233,5.3023,223,0.57848,1.7937,0.44843,0,0,0,0.44843,0,0.44843,0,0,0,0,0.89686,0.44843,0,2.2422,0.44843,0.44843,0,0.44843,3.139,0,0,0.44843,1.3453,0,2.2422,0.89686,0,1.7937,0.44843,0.44843,0.89686,1.3453,0,0,0.89686,0.44843,2.6906,0,2.2422,0,0,0,0,0,0,0,0,0
6,rolex.igg.txt,6,0.910761155,46,39.13,8.5435,389,0.42416,1.2853,0,1.5424,3.0848,0,0.25707,0,1.5424,0,0.77121,2.0566,0,1.0283,0.51414,0,6.1697,0.25707,0.51414,1.2853,0.77121,3.0848,0,0.51414,0.77121,1.5424,1.5424,1.2853,1.7995,0,0,0.25707,0.25707,0.77121,0.77121,0,0.51414,1.0283,6.9409,3.0848,0,0.77121,1.7995,0,0.51414,1.7995,0,0,0,0,0
6,runway.igg.txt,5,1.032258065,59,33.864,7,407,0.39803,1.4742,0.4914,0.2457,1.7199,0,0.4914,0,0.4914,0.4914,0.7371,0.7371,0,0.9828,0,0,3.4398,0.7371,1.2285,1.2285,0,0.4914,0.4914,0,0.2457,1.2285,0,0.7371,5.4054,0,0.4914,0.4914,0,0.4914,0.9828,0,0.2457,0.4914,2.457,2.9484,0.7371,0,4.6683,0.2457,0,0,0,0,0,0,0
6,treasure.igg.txt,6,1.115755627,47,38.106,8.8936,415,0.35422,0.24096,0,1.2048,0.72289,0.48193,0,0.48193,0,1.9277,0,0.24096,0,1.2048,3.1325,0,6.506,0,0.96386,0.24096,0,0.24096,0.48193,0.24096,0.96386,0,0,0.48193,6.2651,0,0,1.6867,0.24096,0.96386,3.1325,0.24096,0,0.24096,0.72289,3.3735,0.72289,0.72289,1.4458,0,0,0,0,0,0,0,0
6,work.igg.txt,4,1.102493075,89,25.202,5.5618,481,0.42827,1.2474,0.2079,1.2474,1.0395,0.6237,0.2079,0.2079,0.8316,0.2079,0.4158,1.0395,0.2079,3.5343,0.4158,0,2.4948,0,0.8316,1.4553,0.6237,1.2474,0.2079,0.4158,0.6237,0.6237,0.4158,1.0395,2.9106,0,0.8316,0,2.9106,0.8316,2.079,0,2.079,0.4158,2.079,4.3659,0,3.1185,1.8711,0.4158,0.8316,0.4158,0.4158,0,0,0,0
6,you.igg.txt,5,0.841791045,43,38.605,8.4651,359,0.49582,1.6713,0,0.27855,0.83565,0,0.27855,0,0.27855,0,0.83565,0.5571,0.27855,0.27855,1.1142,0.27855,5.0139,1.1142,0.5571,0.83565,0.83565,0.27855,0.27855,0.27855,1.1142,3.3426,0.5571,1.6713,2.2284,0.83565,0,0.27855,0,0.5571,1.9499,0.5571,0,1.1142,2.507,2.507,0,0.5571,3.0641,0,0.27855,0,1.3928,0.27855,0,0,0
7,already.jyz.txt,8,1.154676259,57,27.281,5.5088,307,0.63192,1.6287,0,1.3029,1.6287,0.65147,0,0.9772,0,0.65147,0,0,0,0.32573,0.32573,0,0.65147,0,0.65147,1.9544,1.3029,0.32573,0,0,0.65147,1.3029,0,0.32573,1.6287,1.6287,0,0.32573,0.65147,0.32573,0.32573,0,0,0,5.8632,5.2117,0,0,1.3029,0.32573,0,0,0,0,0,0,0
7,BBC.jyz.txt,6,0.808864266,71,31.887,6.7465,471,0.4862,3.1847,0.42463,0.63694,1.6985,0.21231,0.63694,0,0,0.21231,0.84926,0,3.8217,0.21231,1.0616,0,0.63694,0,1.2739,1.6985,0.63694,0,0.63694,1.2739,0.63694,1.0616,0,0.84926,2.1231,1.2739,0,0,0.42463,1.0616,1.2739,0,0.42463,0,0.42463,6.3694,0.63694,2.9724,1.9108,3.8217,0,0,0,0,0,0,0
7,beach_is.jyz.txt,5,1.078125,73,39.26,8.6712,619,0.36026,0.96931,0.48465,0.16155,0.80775,0.48465,0.16155,0,0.3231,0.96931,1.454,1.9386,0.96931,0.3231,0.48465,1.2924,2.9079,0.16155,4.0388,1.1309,1.1309,0.6462,0.3231,0.48465,1.1309,0.48465,0.6462,4.2003,0.3231,1.454,0.3231,0.80775,0.3231,0.48465,1.2924,0.3231,0.80775,0.48465,5.8158,4.3619,4.685,0.3231,3.3926,0.3231,0,0.16155,1.2924,0.3231,0.6462,1.6155,0
7,crown.jyz.txt,4,0.830188679,8,50.75,10.875,87,0.70115,0,0,0,0,3.4483,0,0,0,2.2989,1.1494,0,1.1494,1.1494,0,0,2.2989,0,3.4483,0,2.2989,2.2989,1.1494,0,0,2.2989,0,1.1494,1.1494,0,0,1.1494,0,0,1.1494,0,0,0,0,0,0,0,0,0,0,0,0,0,0,0,0
7,doa.jyz.txt,5,0.879487179,65,27.123,5.9538,380,0.47105,3.9474,0,0.26316,0,0,0.78947,0.78947,0,0,0,1.5789,1.0526,0.78947,0,0,3.6842,0.26316,0.26316,1.3158,0.78947,1.3158,0.26316,0.26316,0.78947,1.0526,0.78947,3.1579,1.3158,3.4211,0.78947,0.78947,0,1.5789,1.8421,0,1.5789,0.26316,3.6842,3.1579,1.3158,0,2.6316,0.26316,1.5789,0,0.52632,0.26316,0,0,0
7,eff_with.jyz.txt,5,1.021857923,61,32.23,6.918,414,0.49758,3.6232,1.2077,0.48309,0.48309,0.24155,0.48309,0,0.24155,0.24155,0.72464,2.4155,0,1.2077,0,0,2.4155,0.24155,0.72464,0.48309,2.1739,1.4493,0,0.72464,0.48309,0,0,0.72464,0.48309,2.1739,0.48309,0,0,1.6908,1.2077,0,1.2077,0.48309,3.6232,3.1401,0,6.0386,2.8986,0.48309,0,0.48309,0,0,0,0,0
7,empire.jyz.txt,7,1.185920578,55,32.618,7.2545,393,0.41476,3.3079,0,0.76336,1.0178,0.50891,0,2.2901,0.25445,0,1.0178,0.25445,2.2901,0.25445,3.5623,0,5.598,0.25445,0.76336,2.0356,0.50891,5.3435,0.25445,1.0178,3.5623,0.50891,0,3.0534,0.50891,3.0534,0,0.25445,0,0.25445,0.76336,2.0356,0,0.50891,1.0178,2.5445,0.50891,1.0178,0,0,0,0,0,0,0,0,0
7,FUTW.jyz.txt,6,0.981308411,79,34.532,7.3165,563,0.54529,2.4867,0.35524,0.17762,0.8881,0.35524,0.17762,0,0.53286,1.2433,0.17762,0.8881,0,0,0.71048,0.53286,2.4867,0.17762,0.53286,2.3091,0.71048,1.0657,0.17762,0.17762,0.35524,0.8881,0.8881,1.421,0.8881,0.71048,0.17762,0.35524,0.71048,1.2433,0.53286,0.53286,0.53286,0.35524,5.8615,4.6181,0.71048,0,1.7762,0.53286,0,0.17762,0.35524,0.17762,1.0657,0,0
7,hate.jyz.txt,6,1.032418953,42,44.333,9.881,407,0.5258,0.7371,0.9828,1.2285,0,1.2285,0.2457,0,0.7371,0.4914,0.2457,0.7371,0,0.7371,0.4914,0,5.8968,0,1.4742,1.2285,0.2457,0.9828,0.4914,0.4914,0.7371,1.9656,1.2285,0.7371,2.2113,0.7371,0.2457,0.7371,0,0,0.2457,0,0,0.7371,3.1941,2.9484,0.9828,0.2457,1.4742,0.9828,0,1.2285,0.4914,0.2457,0,0,0
7,heaven.jyz.txt,6,1.030812325,55,33.382,6.6364,357,0.57983,2.2409,0.28011,0.28011,0.84034,0.28011,0.28011,0.28011,0,0.84034,0.28011,0.56022,0.56022,0,0.28011,0,1.9608,0,1.4006,2.8011,1.1204,0.84034,0.28011,0.28011,0.28011,0.84034,0.84034,2.8011,1.9608,0.56022,0.28011,0.56022,0,0.84034,0.84034,0,0.84034,0,1.1204,4.7619,0.56022,0.84034,0.56022,0.28011,0,0.84034,0.28011,0.28011,0,0,0
7,hlygrail.jyz.txt,6,1.090405904,60,42.8,9.25,548,0.43248,0.36496,0.18248,1.4599,1.4599,0,0,0,1.0949,0.72993,1.2774,2.1898,0.91241,0.54745,0.72993,0.54745,3.4672,0.18248,1.0949,2.1898,0.72993,1.8248,0.18248,0.91241,1.6423,0.54745,0.91241,2.5547,2.1898,1.8248,0,0.54745,0.18248,0,0.54745,0,0.91241,1.0949,5.292,3.4672,0,1.4599,1.6423,0.54745,0.18248,0.36496,0.72993,0,1.2774,0,0
7,jayzblue.jyz.txt,6,1.069498069,64,37.688,8.0938,512,0.50586,1.5625,0.58594,0.39063,2.9297,0.58594,1.3672,0,0.19531,0.19531,0.97656,0.39063,0.97656,0.39063,0.58594,1.1719,4.1016,0.97656,0.97656,1.7578,0.78125,1.1719,0.19531,0.97656,0.39063,0.97656,0.19531,2.9297,2.1484,0.19531,1.1719,0.58594,0.58594,0.58594,0.97656,0.39063,0.19531,0.19531,1.1719,2.5391,0,0.58594,2.5391,0.78125,0.97656,0.19531,0.39063,0.19531,1.7578,0,0
7,la_fam.jyz.txt,5,0.942028986,64,24.703,5.25,326,0.46626,0.30675,1.5337,0.30675,0.30675,0,0,0,0.30675,0,0.6135,1.8405,0,0.30675,1.227,0,2.7607,0,0,1.8405,1.227,0.6135,0.92025,0.6135,0.30675,0.92025,1.8405,0.6135,4.2945,2.454,0,0.30675,0,1.5337,0,0,0.92025,0,3.3742,1.8405,0.6135,0.30675,1.5337,0.6135,0,0,0,0,0,0,0
7,nickels.jyz.txt,6,1.242857143,65,34.569,7.4,474,0.5211,1.6878,0,0.42194,2.1097,0,0.21097,0,0,0.42194,0.63291,2.1097,0,0,0.84388,0,4.2194,0.21097,0.84388,0.84388,1.4768,1.4768,0.21097,0.63291,0.42194,0.84388,0.84388,1.4768,2.9536,1.2658,0.63291,0.84388,0.63291,0.84388,0,0,0.84388,1.0549,3.5865,2.7426,0.21097,1.4768,2.3207,0.63291,0,0.21097,0,0.63291,0,0,0
7,oceans.jyz.txt,6,1.207667732,45,36.978,8.2667,329,0.59271,1.5198,0.30395,0.6079,1.8237,0.30395,0.30395,0,0,0.91185,0.91185,0.6079,0.91185,0.30395,0.30395,0,2.1277,0.91185,1.8237,2.7356,0.6079,1.5198,0,0,0,1.2158,0,1.2158,2.4316,0.6079,0.30395,0.91185,0,1.5198,2.4316,0,0.6079,0.30395,7.5988,6.6869,0.91185,1.5198,1.5198,0.30395,0.30395,0.30395,0,0.30395,0,0,0
7,off_that.jyz.txt,5,0.994339623,82,29.341,6.4878,519,0.41618,2.1195,0.38536,0.19268,2.6975,0,0,0.38536,0.57803,0.57803,1.1561,0.19268,0.19268,0.38536,0.57803,0.38536,2.3121,0.38536,1.3487,1.1561,0.96339,1.5414,0.38536,0.38536,0.38536,0,0.19268,0.38536,3.2755,0.96339,0,0.77071,0.38536,0,0.77071,0,0.38536,1.7341,4.2389,2.3121,0.38536,1.5414,2.1195,0.57803,0,3.4682,0.96339,0.19268,0.38536,0,0
7,ontothe.jyz.txt,6,0.933628319,79,33.848,7.5316,584,0.40753,2.3973,0,0.17123,0.68493,0.34247,1.3699,0.34247,0.34247,0.5137,1.1986,0.68493,0.85616,0.34247,0.34247,0.34247,3.2534,0,2.5685,1.0274,0,0.85616,0.17123,0.17123,0.5137,0.85616,0,1.1986,1.3699,1.5411,0.34247,0.85616,0.68493,0.34247,5.137,0,1.3699,0.17123,9.2466,8.2192,0.34247,0.17123,4.2808,1.0274,0.17123,0.5137,0.85616,0.5137,0,0,0
7,part_2.jyz.txt,5,1.0472103,77,30,6.8442,516,0.44574,2.3256,0.77519,0.96899,1.3566,0.1938,0.1938,0,0.5814,0,1.3566,0.3876,0.1938,0.5814,0.5814,0,4.6512,1.7442,0.5814,1.5504,0.5814,3.6822,0.77519,0.1938,0.3876,0,0.77519,2.1318,1.5504,0.96899,0.3876,0,0.3876,0.5814,0.5814,0.77519,0.1938,0.1938,0.96899,2.7132,1.1628,0.3876,1.938,2.3256,0.1938,0.3876,0.77519,0,0.5814,0,0
7,picasso.jyz.txt,5,0.982869379,73,30.233,6.7671,485,0.50515,2.6804,0.41237,0.20619,1.0309,0.61856,0.20619,0,0.41237,0.20619,0.41237,0.82474,0.61856,0,0.41237,0,3.5052,0.41237,1.0309,1.2371,0.20619,1.2371,0,0.61856,0,1.0309,0.41237,0.82474,2.4742,0,0.61856,0.41237,0.20619,0.61856,2.0619,0,0.20619,0,0.41237,5.3608,0.41237,0.20619,1.2371,0.20619,0,0,0.82474,0,0,0,0
7,realgets.jyz.txt,5,1.061016949,84,34.25,7.5952,621,0.44605,1.4493,0.16103,0.32206,1.9324,0.80515,0.32206,0.48309,0.32206,0.64412,0.32206,1.6103,0,0.64412,0.32206,0,3.0596,1.1272,1.1272,1.9324,0.64412,1.1272,0.48309,0.48309,0.80515,0.48309,0,1.7713,1.4493,1.6103,0.16103,0.32206,0.64412,1.2882,0,0,0.64412,0,6.6023,4.6699,0.64412,1.2882,1.2882,1.4493,0,0.16103,0.80515,0.64412,0.32206,0,0
7,reminder.jyz.txt,5,0.926108374,62,34.306,7.371,447,0.5123,2.0134,0.44743,1.1186,1.3423,0.22371,0,0,0.22371,0.67114,0.22371,1.1186,0,0,0.44743,0,4.698,1.1186,0.67114,0.89485,1.566,1.7897,0,0,0,0.89485,0,2.6846,0.67114,1.1186,0,0,0.44743,0.67114,0.89485,0,0.44743,0.67114,3.132,2.9083,0.44743,0.22371,1.7897,0.22371,0,0.22371,1.7897,0,0,0,0
7,run_this.jyz.txt,8,0.982668977,91,32.692,6.7143,594,0.4697,2.1886,0.6734,0.50505,1.1785,0,0,0,0.50505,0.50505,0.3367,0.6734,0.3367,0.6734,0.84175,0,2.1886,0.3367,1.5152,0.84175,1.3468,0.50505,0.50505,0.3367,0.3367,0.3367,0,0.3367,1.5152,0.3367,1.0101,0.16835,0.6734,0.50505,1.1785,0.16835,0,0.6734,1.5152,2.3569,1.0101,2.0202,1.0101,0.84175,0,2.0202,0.3367,0.3367,0.16835,0,0
7,somewher.jyz.txt,5,0.854545455,70,31.357,6.8,456,0.53509,1.9737,0.2193,0.87719,0.4386,0,1.3158,0,0.2193,0.4386,0.4386,1.3158,0.2193,0,0,0,3.9474,0.65789,1.3158,0.65789,0.87719,0.87719,0.4386,0.2193,0,0.65789,0,1.0965,2.6316,0,0.87719,0.87719,0.2193,1.5351,0.4386,0,0.4386,1.0965,0.4386,3.2895,0.65789,1.0965,1.5351,0.4386,0.87719,0.2193,1.9737,0.65789,0.2193,0,0
7,so_ambit.jyz.txt,5,1.065789474,41,30.585,6.4634,264,0.53409,0.75758,1.1364,0,0.75758,0.75758,0,0,0,0.75758,0,0,0.75758,0,0,0,2.6515,0,1.8939,1.5152,0.37879,1.1364,0,0.37879,0,0.37879,0,1.1364,1.1364,0.75758,0.37879,0,0,0,1.5152,0,0,0.37879,0.37879,2.6515,1.1364,0.37879,0.75758,0,0,0,0,0,0,0,0
7,starborn.jyz.txt,7,1.076131687,88,31.659,7.4205,604,0.45364,4.6358,0,0.33113,0.49669,0.16556,0.33113,0,0.82781,0.33113,0,5.4636,0.49669,0.16556,0.49669,1.4901,2.3179,0.16556,0.49669,0.99338,0.99338,2.1523,0.16556,0.33113,0,1.4901,0,0.16556,0.33113,0.66225,0.33113,0.33113,0.33113,0.99338,0.82781,0,0.33113,0.82781,2.9801,2.8146,0.49669,0.49669,0.99338,0.49669,0.99338,0.16556,0.66225,0.33113,0.16556,0,0
7,thankyou.jyz.txt,8,0.994219653,67,38.478,8.1493,533,0.53283,3.1895,0,0.18762,0.75047,0,0.56285,0,0.56285,0.37523,0.56285,0.75047,0,0.18762,0.37523,0,2.8143,0.18762,0.93809,0.56285,1.3133,0.75047,0.18762,1.1257,0.56285,1.1257,0,0.93809,0.93809,0,1.1257,0.56285,0.56285,0.56285,0.37523,0,0,0.37523,3.7523,2.6266,1.8762,0.75047,1.3133,0.75047,1.1257,1.8762,0.75047,0.37523,0.56285,0,0
7,tom_ford.jyz.txt,6,1.125,41,34.366,7.878,282,0.47518,1.0638,0,0.70922,1.4184,0,0,2.1277,0,1.0638,1.0638,4.6099,2.8369,0,0.35461,0,2.1277,0,0.35461,2.8369,0,1.0638,0.70922,0,2.1277,0,0,0,3.5461,2.1277,0.35461,1.0638,0,0.35461,1.0638,0,0,0.70922,0,1.0638,0,0.35461,0.35461,0,0,0,0,0,0,0,0
7,venus_vs.jyz.txt,6,1.129129129,49,34.796,7.7347,372,0.48387,1.3441,0,0,0.53763,0.53763,0,0,1.0753,0.26882,0,1.3441,0,2.1505,0.80645,1.0753,2.4194,0,1.3441,2.6882,0,2.4194,0.80645,0.26882,0,3.7634,0,1.8817,1.6129,0,0,0,0,0.26882,0.26882,2.6882,5.6452,0,4.0323,3.7634,0.26882,0,1.6129,1.0753,1.0753,2.6882,0,0,0,0,0
7,versus.jyz.txt,3,0.585365854,9,23.667,5.5556,49,0.53061,0,4.0816,0,0,0,0,0,0,0,0,0,0,0,0,0,0,0,0,2.0408,2.0408,0,0,0,0,0,0,0,0,0,0,0,0,0,0,0,0,0,0,0,0,0,0,0,0,0,0,0,0,0,0
7,wetalkin.jyz.txt,12,0.925318761,75,36.853,7.8133,572,0.42832,0.87413,2.4476,0.52448,0.6993,0.17483,0.6993,0,0.34965,0.34965,1.049,0,0,0.6993,0.34965,0,4.8951,0,1.3986,0.17483,0.87413,0.34965,0,0.34965,0.87413,0,0,0.87413,1.049,0,0.34965,0.52448,0.52448,0.52448,1.049,0,0.52448,0.17483,3.8462,2.6224,2.0979,0,1.3986,0.6993,0.17483,2.2727,2.0979,0.34965,0.52448,0,0
7,youngfor.jyz.txt,4,0.862612613,64,34.906,7.4375,461,0.49458,2.1692,0.43384,0.21692,1.9523,0,1.9523,0,0.43384,0.43384,0.43384,0.65076,0,0.65076,0,0,1.9523,0.21692,0.86768,1.7354,1.3015,0.65076,0,1.0846,0.65076,0.21692,0.21692,0.86768,0.65076,0.43384,0.21692,1.5184,0.21692,1.3015,0.65076,0,0.65076,1.0846,1.0846,4.3384,1.0846,0.21692,1.3015,1.3015,0,1.3015,0.21692,0.43384,0.43384,0,0
8,allofthe.wst.txt,6,1.171521036,109,24.56,5.6422,593,0.23946,0.5059,0,4.8904,0.33727,0.16863,0.16863,0,0.67454,1.3491,0,1.6863,0,1.3491,0,1.855,4.5531,0.33727,0.5059,2.0236,0.5059,1.1804,0,0,1.6863,0,0,0.67454,1.3491,1.0118,0,0.5059,0,3.0354,0.16863,1.0118,0,0,6.914,5.7336,0,2.5295,3.5413,0,0,0,0,0,0,0,0
8,blk_skin.wst.txt,7,1.050505051,76,25.829,5.7763,425,0.34824,1.6471,1.6471,0.47059,2.8235,0.23529,0,1.4118,1.4118,0,0.23529,1.1765,0.47059,0.23529,0,0,3.2941,0.70588,4.2353,2.5882,0.23529,2.1176,0.70588,0,1.4118,0.94118,0,0.70588,0.23529,0,0.47059,0,0.94118,0.47059,0.47059,0,2.1176,0.47059,0.70588,5.4118,0.94118,0.70588,1.8824,0.70588,0,0.70588,0.70588,0,0,0,0
8,blood_on.wst.txt,13,0.878676471,93,31.656,6.4301,591,0.39932,0.67682,0.67682,1.1844,4.7377,0,0.33841,0.50761,0.1692,0.67682,0.33841,0.33841,0.50761,0.50761,0.67682,0,2.8765,0.1692,0.84602,0.67682,0.1692,1.0152,0.1692,0,0.50761,0.67682,0.1692,1.3536,1.0152,0,0.33841,0.84602,1.692,0.67682,1.3536,0.67682,0,0.50761,2.7073,4.0609,0.33841,0,2.3689,0,0.33841,1.0152,0.1692,0.50761,1.5228,0,0
8,canttell.wst.txt,8,0.924855491,60,36.717,8.3667,498,0.41767,1.2048,0.40161,0,0.80321,0,0.40161,0,0.80321,1.4056,0.40161,0.40161,0,1.4056,0.2008,0.40161,3.4137,0.80321,0.60241,1.4056,1.2048,0.2008,0.60241,0.40161,2.2088,0.80321,0,1.8072,1.2048,0,0,1.4056,0,0.80321,0.2008,0,0,1.2048,3.2129,2.2088,0.60241,0.40161,0.80321,0.40161,0,0,1.6064,0,0,0,0
8,clique.wst.txt,6,1.205007825,77,39.39,8.2468,629,0.5151,2.5437,1.1129,0.47695,0.9539,0.9539,0.47695,0.47695,0.63593,0.31797,0.31797,0.9539,1.2719,0.47695,0.31797,0,2.7027,0.15898,3.0207,0.9539,0.31797,0.79491,0.31797,0.63593,0.9539,0.9539,0,2.0668,2.5437,0.63593,0.15898,0.31797,0.31797,0.31797,0.31797,0.63593,0.47695,0.31797,4.9285,3.3386,1.2719,0,1.2719,0.31797,0.31797,0.9539,1.1129,0.31797,1.2719,0.9539,0.31797
8,fatherp2.wst.txt,5,0.992424242,52,24.154,5.0962,260,0.56923,0.38462,0,1.9231,1.5385,0,1.1538,0.38462,0,0.38462,0.38462,0.76923,0,0.38462,1.1538,0,7.3077,0.76923,1.1538,2.3077,0.38462,0,0,0.76923,0.38462,1.1538,0,0.38462,0.76923,0.38462,0.38462,0,0,1.1538,0.38462,0,1.5385,0,0.38462,4.2308,0.38462,0.38462,1.5385,1.1538,0,0,0,0,0,0,0
8,feedback.wst.txt,4,0.917266187,56,31.143,6.8571,377,0.44032,4.7745,0.26525,0.26525,0.26525,0.26525,0,0.5305,0.26525,0.79576,0.26525,0.79576,0,1.8568,0.26525,0,2.122,0.79576,1.061,1.5915,0,0,0.26525,0.79576,1.061,1.3263,0,2.122,1.061,1.3263,0.5305,1.061,0,0,1.8568,0,0,0,5.305,4.244,0.79576,0.5305,0.79576,2.9178,0,0,0,0,0,0,0
8,gold_dig.wst.txt,6,0.962450593,94,34.479,7.7128,718,0.30501,2.0891,1.9499,0.41783,1.1142,0.13928,0.13928,0,1.8106,0.97493,0.27855,0.83565,0.41783,4.1783,1.532,1.1142,4.1783,0.27855,0.97493,0.69638,0.13928,0.41783,0.27855,0,2.6462,0.41783,0.27855,0.97493,0.27855,0,0.97493,0.5571,0.97493,0.69638,0.41783,4.039,0,0.13928,1.8106,0.97493,0.5571,0.27855,1.3928,0.41783,0.27855,0.41783,1.3928,1.1142,1.8106,0,0
8,gorgeous.wst.txt,5,1.088033012,97,40.742,8.5464,821,0.45432,3.2887,0.60901,0.48721,2.1924,0.73082,0.1218,0,0.48721,0.73082,0.24361,0.85262,0.48721,0.85262,0.60901,0,4.0195,0.97442,0.97442,1.0962,0.97442,3.1669,0.48721,0.36541,0,0.73082,0.1218,1.5834,0.97442,0.60901,0.48721,0.85262,0,1.0962,0.24361,0.36541,0.1218,0.36541,1.3398,3.7759,1.3398,1.5834,0.97442,0.48721,0.48721,0.36541,0,0.1218,0.24361,1.827,0
8,heartlss.wst.txt,5,0.955414013,71,26.746,6.0282,422,0.36967,1.6588,0.23697,0.47393,1.8957,0.23697,2.8436,0,0.47393,0.47393,1.4218,0.23697,0,0,0.94787,0,3.7915,0,0.23697,1.1848,0,0.94787,0.47393,1.1848,1.8957,0.23697,0,3.3175,0.23697,0,0,0.47393,0.23697,0.47393,0.23697,0.47393,0,4.5024,1.6588,3.3175,0.94787,0.94787,1.8957,0.47393,0,1.4218,0.47393,0.23697,0,0,0
8,homecome.wst.txt,5,0.789227166,69,34.42,7.6667,522,0.34866,1.341,0,0.19157,3.8314,0.38314,0.19157,0,0.76628,0.76628,0.38314,0.57471,0,0,0.95785,1.341,3.6398,0.57471,2.1073,0.57471,0.38314,0.38314,0.19157,0.95785,0.95785,1.5326,0,2.8736,0.38314,0,0,0.57471,2.2989,0.19157,0.95785,2.2989,0,0.76628,0.95785,0.95785,1.5326,0.19157,1.7241,0.57471,0.57471,0.57471,0.57471,1.341,0,0,0
8,newslave.wst.txt,6,0.966960352,56,39.554,8.3929,463,0.42981,1.2959,0.43197,0.64795,2.3758,0.64795,0.64795,0,0.43197,0.21598,0.21598,0,1.9438,0.21598,0,0.43197,4.9676,0.21598,1.0799,0.86393,0,0.43197,1.0799,0,1.5119,0.21598,0,1.2959,0.43197,1.9438,0.21598,0.43197,0.64795,0.21598,1.5119,0,0.64795,1.2959,2.5918,5.1836,1.7279,0.43197,1.5119,0.64795,0,1.0799,0.43197,0,1.0799,0,0
8,nochurch.jay.txt,5,1.041533546,54,28.389,5.7963,302,0.65232,2.3179,0.33113,1.3245,0.66225,0,0,0,0.33113,0.66225,0.33113,0.33113,0.33113,0.66225,0.99338,0.33113,2.3179,0.66225,0.99338,1.9868,1.3245,0.99338,0.33113,0.33113,0.33113,0.99338,0.66225,0.99338,0.66225,0,1.9868,0.99338,0,0.33113,0.99338,0,0,0.33113,1.3245,7.2848,0.33113,0.33113,0,0.99338,0.99338,1.3245,0,0.33113,0,0,0
8,nomoreLA.wst.txt,7,1.094444444,139,40.849,8.3597,1154,0.44107,1.8198,0.25997,0.60659,2.1664,0,0.95321,0.51993,0.25997,0.17331,0.60659,1.0399,0.17331,0.60659,0.60659,0,3.9861,0.086655,0.69324,2.0797,0.51993,0.95321,0.34662,0.34662,0.86655,0.95321,0.34662,1.2132,1.7331,0.69324,1.2998,0.34662,0.17331,0.43328,0.86655,0.86655,0.34662,0.34662,4.9393,3.2062,0.43328,0.43328,1.4731,0.25997,0.69324,0.17331,0.7799,0.51993,0.60659,1.3865,0.86655
8,power.wst.txt,5,1.137115839,65,32.415,6.4923,421,0.52494,1.1876,0.47506,0.47506,1.6627,0.47506,0.23753,0.47506,0.47506,0.47506,0.23753,0.23753,0.95012,0,1.4252,0,3.5629,0,2.3753,1.6627,1.4252,0,0,0.71259,0.47506,0,0,0.47506,2.6128,0,0.47506,0.23753,0.71259,0.71259,0.23753,0,0.47506,0.71259,1.1876,5.7007,1.9002,1.1876,0.71259,0.47506,0.47506,0.95012,0,0,0,0,0
8,rfriends.wst.txt,6,1.042471042,63,38.365,8.2063,512,0.44531,1.7578,1.3672,0.39063,0,0.19531,0.78125,0,0.39063,0.39063,0.78125,1.7578,0.78125,0.58594,0.97656,0.97656,5.2734,0,1.3672,0.78125,0.58594,0.58594,0.58594,1.1719,0,0.58594,0,0.78125,1.3672,1.1719,0.19531,1.3672,0.39063,0.39063,1.1719,0,0.78125,0,4.8828,3.9063,0.58594,0,3.3203,0.78125,1.7578,0.78125,1.5625,0.97656,0.58594,0,0
8,runaway.wst.txt,8,1.192857143,57,33.439,7.4737,421,0.43705,2.8504,0.23753,0,2.1378,1.1876,0.23753,0.95012,0.23753,1.6627,0.71259,1.6627,0,0.47506,0.47506,0,5.2257,0.47506,1.4252,0.95012,0.95012,1.9002,0.23753,1.4252,1.4252,0.71259,0,1.6627,1.1876,1.1876,0,0.95012,0.23753,0.71259,0.47506,0.95012,0.71259,0.47506,3.3254,2.1378,0.23753,0.47506,1.1876,0.47506,0.23753,0,0.95012,0,1.1876,0,0
8,seeme.wst.txt,8,1.058461538,117,38.821,8.3761,968,0.43182,1.6529,0.10331,0.82645,1.8595,0.10331,0.61983,0,0.61983,0.30992,0.61983,0.20661,0.10331,0.41322,0.72314,0.41322,4.4421,0.51653,0.72314,1.9628,1.0331,1.1364,0.82645,0.41322,1.8595,1.4463,0.20661,1.4463,1.5496,0.30992,0.61983,0.30992,0.72314,0.72314,0.61983,0.82645,0.10331,0.82645,1.4463,3.2025,0.41322,0.51653,1.2397,0.82645,0.41322,0.82645,1.0331,0.61983,0.30992,3.6157,0.92975
8,senditup.wst.txt,5,1.008658009,40,31.325,7.05,278,0.45324,0.35971,0,0,0.71942,0,0.35971,1.7986,0,3.9568,0.71942,0,0,0.71942,0.71942,0.35971,3.5971,0.71942,0,2.8777,0,2.518,1.0791,1.0791,0,2.518,0,0,1.7986,0,0,2.1583,0,0.71942,0.71942,1.0791,0.35971,0.35971,0.71942,5.7554,2.1583,1.7986,0,0,0,0,0,0,0,0,0
8,stronger.wst.txt,4,0.951070336,60,30.583,6.65,393,0.40967,1.5267,0,0.50891,1.5267,0,0.50891,0,0.25445,0.50891,2.799,0.76336,0.25445,0.50891,0.50891,0,4.0712,0.50891,1.2723,1.0178,0.25445,0.50891,0,0,1.2723,2.799,0,1.5267,1.0178,0,0,1.5267,1.0178,0.76336,2.5445,0.25445,1.0178,0.76336,1.0178,2.0356,0.50891,1.2723,0.25445,0.50891,0.76336,0.25445,0.25445,0,0,0,0
8,ultra.wst.txt,6,1.092691622,112,28.83,6.2321,690,0.37391,1.7391,0.14493,0.14493,1.0145,0.28986,0.14493,0,0.43478,1.1594,1.0145,1.3043,0.14493,0,0,0.14493,3.0435,0.28986,1.7391,0.43478,2.3188,1.3043,0,0.57971,1.4493,0.72464,0,0.28986,1.7391,0.14493,0.28986,0.86957,0.28986,0.86957,1.1594,0,0,0.72464,1.7391,3.6232,1.7391,2.8986,1.5942,0.28986,0.28986,1.8841,0.14493,0.43478,0.72464,0,0
9,alright.ken.txt,6,0.932938856,64,37.516,8.1875,516,0.48062,1.7442,0.1938,0.77519,2.7132,0.96899,2.3256,0,0.77519,0.77519,0.3876,0.96899,0,0.3876,0.5814,0.1938,5.2326,0.3876,0.77519,1.3566,0.5814,1.1628,0.3876,0.1938,0.96899,0.3876,0.1938,1.938,3.876,1.3566,0.1938,0,0.1938,1.1628,0.3876,0,0,0.5814,0.3876,3.6822,0,0.1938,0.77519,0.3876,0.5814,2.5194,0.3876,0.96899,0.3876,0,0
9,backseat.ken.txt,7,1.162094763,47,39.447,8.5532,393,0.54962,2.799,0.25445,0.76336,3.3079,0.50891,0.25445,0,0.25445,0.50891,0.25445,0.25445,0.50891,0.50891,1.5267,0.76336,5.0891,0.50891,1.2723,1.5267,1.5267,1.0178,0.50891,0,0,0.50891,0,0.25445,2.5445,0.76336,1.0178,0.25445,0,0.25445,1.5267,0.50891,0,0.50891,2.0356,1.2723,0.50891,0.76336,1.5267,0.25445,0,0,0.50891,0.25445,0.76336,0,0
9,bitchdnt.ken.txt,5,1.143667297,51,49.784,10.941,545,0.40734,4.2202,0.18349,0.36697,2.9358,0,0.36697,2.0183,0.36697,3.1193,2.3853,0,0,0.55046,0.91743,0,4.0367,0,0.55046,2.0183,1.6514,1.1009,0.18349,0.18349,0.91743,0.73394,0.18349,1.6514,3.8532,0.18349,0,0.18349,0.18349,1.2844,1.4679,0,0.36697,0,1.2844,2.5688,0.36697,1.2844,1.8349,0,0,0.73394,0.73394,0.18349,0.55046,0,0
9,blackerb.ken.txt,8,1.099173554,92,41.804,8.6304,786,0.42239,2.2901,0.12723,0.38168,1.3995,0,0.25445,0.12723,0.50891,0.76336,1.0178,0,0.63613,0.38168,0.12723,0,4.5802,0.12723,1.9084,1.0178,0.89059,0.38168,1.0178,0.76336,0.63613,0.76336,0.12723,2.799,3.4351,1.5267,0.25445,0.12723,0.38168,1.7812,0.38168,0,0,0.38168,1.3995,4.1985,0.50891,1.0178,1.145,0.25445,0.25445,1.0178,0.50891,0.50891,0.50891,0,0
9,good_kid.ken.txt,6,1.15,49,49.061,10.265,498,0.49799,2.6104,0.2008,0.80321,2.6104,0,0.2008,0,1.004,0.80321,0.80321,1.4056,0,0.2008,0.60241,0,4.2169,0.40161,0.60241,1.8072,1.004,0.80321,0.60241,0.80321,1.004,0.60241,0,2.4096,1.6064,0,0.2008,0,0.2008,1.2048,1.2048,0,0,0,5.2209,3.4137,0.2008,0.60241,3.4137,0.60241,0.40161,0.40161,1.2048,0.60241,0.40161,0,0
9,i_album.ken.txt,5,1.003164557,132,36.288,7.8485,1026,0.37427,2.0468,0.2924,0.5848,2.2417,0.5848,0.19493,0,0.19493,0.19493,0.48733,0.48733,0.19493,0.38986,0.19493,0.19493,3.7037,0,0.2924,0.97466,0.097466,0.97466,0.48733,0.097466,0.48733,0.097466,1.6569,2.0468,2.2417,1.2671,0.38986,0.38986,0.19493,1.8519,1.462,0.097466,0.5848,0.68226,0.68226,4.8733,0.2924,0.87719,1.6569,0.68226,0.097466,1.1696,0.77973,0.19493,0.48733,0,0
9,kngkunta.ken.txt,5,0.872527473,70,36.829,7.9286,539,0.38961,2.5974,0.18553,0,1.1132,0.18553,0.74212,1.1132,0.74212,0.74212,0.18553,0.55659,4.2672,0,1.2987,0,4.6382,1.1132,0.37106,0.74212,0.37106,1.4842,0,0.18553,0,0.37106,0,0,0.92764,0.74212,0.55659,0,1.4842,0.55659,0.37106,0,0.55659,0,9.2764,8.9054,0.37106,0.37106,1.4842,0,1.8553,1.8553,1.6698,1.2987,0.74212,0,0
9,mAAdcity.ken.txt,5,1.044372294,106,43.16,8.9245,937,0.48773,3.3084,0.53362,0.64034,2.3479,0.53362,0.21345,0.21345,0.64034,0.42689,0,0.32017,0.85379,0.21345,0.21345,0,2.5614,0.64034,0.32017,2.0277,0.85379,0.74707,0.32017,0.10672,0.42689,0.32017,0,0.74707,1.0672,1.3874,0.21345,0.32017,0.53362,1.2807,1.3874,0,0.53362,0.42689,7.6841,5.8698,0.74707,0.64034,1.0672,1.2807,0.85379,0.64034,0.64034,0.42689,1.3874,2.4546,0
9,montrees.ken.txt,10,0.991017964,67,46.821,9.7612,648,0.43673,2.9321,0.30864,0.7716,1.3889,0.46296,0.61728,0.46296,0.46296,0,0.30864,0.7716,0.7716,0.30864,0.30864,0,1.3889,0.15432,0.15432,1.0802,1.0802,0.7716,0.15432,1.6975,0.46296,1.0802,0.30864,0.30864,1.6975,1.3889,0.7716,0.30864,0,1.3889,0.7716,0,0,0,6.7901,4.0123,0.46296,0.46296,1.2346,0.61728,0.30864,1.3889,1.3889,0.92593,0.7716,0,0
9,poetic.ken.txt,4,0.719063545,78,36.397,7.6538,592,0.44088,2.3649,0.33784,0.67568,3.2095,0,0.16892,0,0.50676,1.8581,0.50676,1.0135,0.50676,0.67568,0.16892,0.33784,4.7297,0.33784,0.16892,2.3649,1.1824,2.1959,0.67568,1.5203,1.5203,0.33784,0.67568,0.67568,1.0135,0.50676,0,0.50676,0,0.16892,0.50676,0.50676,0.33784,0.16892,3.3784,1.0135,0.50676,0.84459,1.3514,0.50676,0.33784,0.84459,1.5203,1.0135,0.67568,5.9122,2.027
9,real.ken.txt,6,0.790167866,95,42.4,9.1684,848,0.37264,1.8868,0.23585,0.58962,2.5943,0,0,0,1.1792,0.82547,1.0613,0.9434,0,0.11792,0.4717,0.4717,4.3632,0.58962,0.58962,0.70755,0.35377,1.1792,0.11792,0.58962,0.82547,0.4717,5.6604,0.70755,0.70755,0.35377,0,0.23585,0.11792,1.0613,0.35377,0,0.23585,0.4717,2.5943,2.8302,0.70755,0.35377,2.2406,0.11792,0.35377,0.4717,1.0613,1.4151,1.0613,0,0
9,sherane.ken.txt,6,0.975970425,53,49.075,9.9245,523,0.56788,2.8681,0,0.1912,2.2945,0.57361,0,0,0.57361,0,0,0.57361,0.38241,0.76482,0.38241,3.2505,3.2505,0,1.5296,2.1033,0.38241,0.38241,0.57361,0.1912,0.38241,0.76482,0.1912,1.5296,2.6769,0,0.38241,0.1912,0.57361,1.7208,0.76482,1.912,0,0.1912,0.76482,3.0593,0,0.57361,1.1472,0.76482,0.76482,0.95602,0.76482,0.1912,0,0,0
9,swmdrank.ken.txt,6,0.796296296,38,42.658,9.0263,339,0.50737,2.0649,0,0.58997,1.1799,0,0.29499,0,0,0,0,0,0,0.58997,0.29499,0.58997,4.4248,0.58997,0.88496,2.9499,0.58997,1.7699,0,0,0.58997,0.58997,0.58997,1.1799,0.88496,0.58997,0,0.29499,0.88496,1.4749,0.29499,0,0,0,5.0147,3.8348,0.29499,0.58997,1.7699,2.3599,0,0,0,0,0,0,0
9,theartof.ken.txt,5,0.943636364,84,35.917,7.25,601,0.46256,1.3311,0,0,1.4975,0.49917,0.16639,0.16639,0.16639,1.4975,0.16639,0.16639,0,0,0.16639,0.99834,2.8286,1.9967,0.99834,1.6639,0.83195,0.99834,0.83195,0.49917,0.16639,0.33278,0.33278,1.9967,0.99834,0,0.83195,0.83195,0,0.83195,0.66556,0.83195,0,0.49917,0.99834,2.6622,0.83195,0.16639,2.4958,0.49917,0.16639,0.16639,0,1.3311,0,0,0
9,th_walls.ken.txt,6,0.970331588,82,37.659,7.6829,625,0.4592,2.4,0.16,0.48,3.52,0.16,0.16,0,0.48,0.16,0,0.64,0,0.16,0.32,0.16,2.24,0.48,0.8,1.44,2.08,0.8,0.48,1.12,0.32,0.64,0.16,1.92,1.28,1.28,0.16,0,0,2.72,0.48,0,0.16,0,0.64,7.04,0.48,1.28,0.96,0.48,0.48,3.2,0.32,0,0,0,0
9,unsong01.ken.txt,6,1.00998004,62,42.177,8.129,500,0.562,1,0,1.6,2,0,0,0.4,0.4,0.4,0,2.4,0,0.2,0.2,0,4.2,0,0.2,2,0.8,1.8,0.6,0.2,0,0.6,0.4,0.8,1.8,1.8,1.4,0,0,1.2,0.8,0,0,0,0.8,3.4,0,0.6,2.2,0,0.8,0,0,0,0,0,0
9,unsong02.ken.txt,6,1.022687609,54,51.833,11.056,592,0.50169,3.2095,0.16892,1.3514,2.5338,0.16892,0.33784,0.67568,0,0.84459,0.16892,0.50676,0.67568,1.5203,0.50676,0,3.7162,0.50676,2.1959,0.84459,0.50676,0.67568,0.33784,0.67568,0.67568,1.1824,0.16892,1.8581,1.5203,0.50676,0.33784,0.67568,0.16892,1.5203,2.027,0,0.33784,0.16892,1.3514,4.3919,0.33784,0.16892,0.84459,0.50676,0.33784,1.1824,0.84459,0,1.0135,0,0
9,unsong06.ken.txt,5,1.066974596,50,41.52,8.36,414,0.44686,1.2077,0,0,1.9324,0.72464,0.72464,0,0.48309,2.657,1.2077,0.48309,0,0,0,0.24155,7.2464,0,1.4493,0.72464,0.24155,1.2077,0.24155,0,0.96618,0.48309,0.24155,3.6232,1.4493,0,0.48309,0.48309,0,1.2077,0.48309,0,0,0.24155,1.4493,2.4155,0,0,1.4493,0,0.48309,0,0,0,0,0,0
9,unsong07.ken.txt,5,0.776507277,119,42.958,8.9832,1056,0.27652,0.37879,0.18939,0.094697,1.1364,0.18939,0.56818,0.66288,0.18939,0.094697,1.9886,0.47348,0,2.4621,0.094697,0.18939,1.6098,0.47348,0.56818,0.85227,0.94697,1.0417,0.28409,0.66288,0.18939,0.94697,0.094697,2.0833,1.1364,0.37879,3.0303,0,0.37879,0.37879,4.7348,0.37879,0.37879,0,0.37879,2.9356,0.18939,1.7992,0.75758,0,0,1.7992,0.28409,0,0.47348,0,0
9,unsong08.ken.txt,5,1.020599251,74,35.703,7.4054,539,0.50835,2.7829,0.92764,0.55659,2.4119,0.18553,0.18553,0.74212,1.2987,1.1132,0.37106,1.2987,0,0.37106,0.74212,0.18553,3.7106,0.37106,0.37106,1.1132,0.37106,0.92764,0,0,0.37106,0.55659,0,1.2987,1.2987,0.18553,0.37106,0.74212,0.18553,0.37106,0.92764,0.74212,0.74212,0.74212,0.74212,3.8961,0.37106,0.37106,2.0408,0.55659,0.18553,0.37106,0,0.92764,1.4842,0,0
10,analog.tye.txt,5,1.184615385,34,40.824,8.5294,286,0.53497,1.7483,0,0.34965,1.049,0.34965,0,0,0.34965,0.6993,0,1.049,0,1.3986,0,3.8462,2.0979,0.34965,1.3986,2.0979,0.6993,2.0979,0.6993,0.34965,1.3986,1.3986,0.34965,2.7972,0.6993,1.049,0.6993,0,0,0.6993,0.6993,3.4965,0.34965,0.6993,1.7483,3.1469,0,0,2.4476,0,0,0,0,0,0,0,0
10,bitchsck.tye.txt,5,0.984496124,50,34.16,7.36,361,0.45983,3.3241,0.55402,0.83102,0,0.83102,0,6.3712,0.27701,0,0.55402,0.55402,3.8781,0,1.385,0.83102,3.6011,0.55402,3.6011,1.9391,0.27701,0.83102,0,0.27701,0.27701,0.55402,0.27701,0.55402,3.8781,2.4931,0,0,0,0,1.662,0.55402,1.108,0,0.83102,2.7701,0.55402,1.108,0.27701,0.83102,0,0.27701,0.27701,0,0,0,0
10,bomb.tye.txt,6,1.008438819,43,26.535,5.9302,241,0.49793,1.2448,0,0.41494,2.9046,0,0,0,0.41494,0,2.4896,0.41494,1.6598,1.2448,0.82988,0,4.1494,0.41494,2.0747,1.2448,0,1.2448,0.82988,0.82988,0.41494,0.82988,0,1.6598,0.82988,3.3195,0.41494,0,0,0,0,0,0.41494,0,2.0747,4.5643,1.2448,0.82988,2.0747,0.41494,0,0,0,0,0,0,0
10,bopbitch.tye.txt,7,0.93883792,48,33.104,7.0208,331,0.48943,3.6254,0,0.90634,3.6254,0.90634,0.30211,3.9275,0.30211,0.60423,0.60423,0.90634,2.1148,0.30211,0.60423,0.60423,1.8127,0,0.30211,0,0.90634,0.60423,0,0,0,0.30211,0,0.90634,1.8127,0.60423,0,0.90634,2.4169,0.30211,0.30211,5.4381,0.90634,0,3.3233,1.5106,0,1.8127,1.2085,0.60423,0.90634,0.90634,0.90634,0.30211,0,0,0
10,cowboy.tye.txt,5,0.943579767,70,39.286,8.4,582,0.47595,2.2337,0,0.51546,3.9519,0.34364,0,0.51546,0.68729,0.34364,0.17182,0.17182,1.2027,0.34364,0.51546,0.17182,4.2955,0.17182,1.3746,1.7182,0.85911,1.5464,0.17182,0.34364,0.34364,0.34364,0,0.51546,3.0928,0.68729,0.17182,0.68729,0.17182,0.68729,2.5773,0,0.51546,0.51546,2.2337,4.6392,0.51546,0.68729,1.3746,0.34364,0.51546,0.17182,0.51546,0.34364,0.85911,0,0
10,deathcmp.tye.txt,7,0.781124498,61,39.705,8.377,505,0.47723,1.1881,0.19802,0,4.7525,0.19802,0.39604,0.19802,0.9901,0.59406,1.1881,1.1881,1.1881,0.19802,0.39604,0,4.9505,0.79208,0.9901,1.7822,1.3861,0.39604,0.59406,0.39604,0.19802,0.59406,0,0.59406,1.7822,1.1881,0.39604,0.19802,0.59406,1.3861,0.19802,0.39604,0.39604,0.9901,0.79208,5.1485,0.19802,0.79208,1.7822,0.19802,0.19802,0.19802,0,0.39604,0.59406,3.1683,0
10,goblin.tye.txt,5,0.977252843,133,42.865,9.0075,1189,0.39697,2.6072,0.084104,0.33642,2.0185,0.42052,0.25231,0.16821,1.0093,0.50463,1.4298,0.50463,0.92515,0.25231,0.16821,0.084104,5.0463,0.084104,1.9344,1.2616,0.75694,0.50463,0.50463,1.1775,0.42052,0.67283,0,1.0934,1.6821,0.50463,0.33642,1.3457,0.42052,1.0934,0.75694,0.084104,0.75694,0.92515,2.5231,2.439,1.0934,0.42052,2.5231,0.16821,0.75694,0.25231,0.67283,0.42052,0.50463,2.8595,0.33642
10,golden.tye.txt,6,0.861466822,100,43.29,8.85,880,0.42045,3.6364,0.11364,0.90909,2.1591,0.56818,0.34091,0,0.68182,0.22727,0.90909,0.45455,3.2955,0.68182,0.22727,0.34091,2.5,0,2.0455,1.1364,1.0227,0.90909,0.56818,0.34091,0.34091,0.34091,0.22727,0.90909,1.3636,0,0.68182,0.79545,1.25,0.56818,0.45455,0.22727,1.3636,0.45455,2.1591,2.8409,0.34091,1.0227,1.8182,0.34091,1.25,0.11364,0.34091,0.45455,1.25,1.7045,0.68182
10,her.tye.txt,6,1.121085595,55,40.836,9.0182,492,0.47764,1.4228,0.20325,0.4065,2.439,0.81301,0,0.81301,1.8293,0.20325,0,0.20325,1.626,0.4065,0.81301,3.252,5.6911,0.4065,0.81301,2.2358,1.0163,0.20325,1.4228,0.60976,0.60976,0.60976,0.20325,1.2195,1.4228,0.60976,0.4065,0.60976,0.20325,0.81301,0.60976,3.4553,0,0.81301,2.6423,3.6585,0.4065,1.8293,3.0488,0.4065,0.20325,0.81301,0.4065,0.81301,0.4065,0,0
10,jamba.tye.txt,6,1.109461967,54,45.667,9.5741,512,0.53516,2.3438,0,0,1.7578,0.19531,0.39063,0.78125,0.19531,1.7578,0.39063,0.58594,2.5391,0.58594,0.39063,0.19531,2.7344,0.19531,2.1484,1.1719,1.3672,0.39063,0.78125,0.19531,0,1.7578,0,0.19531,3.125,2.1484,0.58594,0.19531,0,0.58594,1.1719,0,0.97656,0.19531,1.1719,4.2969,0,1.5625,1.3672,0.97656,0,0.19531,0.58594,0.58594,0,0,0
10,keepdaos.tye.txt,5,0.782278481,56,33.161,7,384,0.46354,1.0417,0,0.52083,1.8229,0,0,0.26042,0.26042,0,0.52083,0,0.78125,0,0.78125,0,2.8646,0,1.0417,0.78125,0.52083,0.78125,0.52083,0,1.3021,0,0,1.3021,1.3021,2.0833,0.26042,0.26042,0.26042,1.0417,1.0417,0,0.26042,0.78125,1.3021,5.4688,0.52083,0.26042,2.0833,0.52083,0,0,0,0,0,0,0
10,nightmre.tye.txt,6,0.985074627,102,41.618,8.8235,893,0.44233,3.0235,0.33595,0.55991,2.2396,0.67189,0.22396,0.11198,1.1198,0.22396,0.89586,0.22396,1.6797,0.78387,0.55991,1.0078,3.8074,0.11198,2.4636,0.78387,1.5677,0.44793,0.22396,0.22396,0.44793,1.1198,0.22396,2.1277,1.6797,0.78387,0.11198,0.44793,0.67189,1.2318,0.44793,0,0.44793,0.44793,1.5677,3.5834,0.33595,0.78387,1.1198,1.0078,0.11198,0.11198,0.55991,0.44793,0.55991,1.6797,0.11198
10,radicals.tye.txt,5,0.77919708,77,35.429,7.2987,548,0.39781,1.6423,1.2774,1.4599,0.91241,0.54745,0.54745,0.18248,0.36496,0.54745,0.54745,0.54745,8.2117,0.36496,0.91241,0,1.0949,0,2.9197,0.54745,0.18248,0.18248,0.54745,0.72993,0.36496,0.18248,0,1.0949,0.18248,2.1898,0.36496,1.2774,0.18248,0.54745,0,0,2.3723,0.18248,1.4599,2.5547,0.91241,0.91241,1.4599,0.91241,0,0.54745,0.91241,0.36496,0.18248,0,0
10,run.tye.txt,5,0.805111821,33,40.303,8.7576,288,0.51389,2.4306,0.69444,0.69444,1.0417,0.69444,0.34722,0,1.0417,0.69444,1.3889,1.3889,1.0417,0.69444,1.3889,0,2.0833,0.34722,0,1.3889,0.69444,0.34722,0.34722,0,0,0.69444,0,0.34722,1.0417,6.25,0,0.69444,0.69444,0,0.69444,0,2.0833,0,7.6389,3.8194,2.0833,0,1.3889,0,0.34722,0.69444,0,0,0,0,0
10,sandwit.tye.txt,7,0.932318105,79,38.722,8.038,627,0.47368,1.9139,0.63796,0.31898,2.7113,0,0.31898,1.2759,0.15949,0.31898,0.63796,0.63796,4.1467,0.47847,0.31898,0.31898,2.5518,0.63796,1.7544,1.5949,0.95694,1.7544,1.2759,0,0.15949,0.63796,0.15949,0.95694,0.95694,0.79745,0.47847,0.15949,0.15949,0.63796,0.15949,0.15949,0.95694,0.47847,1.5949,4.6252,0.15949,0.63796,1.2759,0.31898,0.47847,0.63796,0,0.15949,1.1164,2.5518,0.31898
10,she.tye.txt,5,0.871101871,64,38.359,8.1875,514,0.45914,1.9455,0.19455,0.58366,3.1128,0.19455,0.58366,0,1.3619,0.97276,0.38911,0.38911,0.19455,0.19455,0.58366,0,4.8638,1.1673,1.1673,1.5564,0.38911,0.77821,0.19455,2.1401,0,0.58366,0.19455,0.97276,0.58366,0.19455,0.58366,0.38911,0.19455,0.38911,0.97276,0.19455,0.38911,1.1673,1.5564,5.2529,0,0.38911,1.5564,0.19455,0.19455,0.77821,0,0.38911,1.1673,0,0
10,transylv.tye.txt,7,0.960784314,81,34.444,7.0988,571,0.47461,3.3275,0.17513,0.35026,3.3275,0.17513,0.70053,2.2767,0.35026,0.35026,0.87566,0.52539,3.1524,0.35026,0.87566,1.4011,2.9772,0,0.87566,0.87566,1.0508,0.70053,1.4011,0.17513,0.17513,0.70053,0.17513,1.2259,0.70053,0.17513,0.17513,0.35026,0.17513,2.4518,0.35026,0.52539,0.52539,0,2.627,4.2032,0.35026,0.70053,1.0508,0.17513,0,0,0.35026,0.17513,2.1016,0,0
10,tron_cat.tye.txt,5,0.949384405,80,48.487,9.6625,770,0.51169,3.7662,0.12987,0.12987,2.3377,0.38961,0.38961,0.64935,0.12987,0.25974,0.25974,0.38961,1.4286,0.51948,0.38961,2.4675,3.1169,0.12987,1.4286,1.6883,0.12987,0.90909,0.25974,0,0.12987,0.77922,0.12987,0.64935,1.039,0.38961,0.25974,0.51948,0.51948,1.6883,0.51948,0.38961,0.64935,0.12987,1.039,4.4156,0.51948,0.77922,2.3377,0.38961,0.38961,0,0.38961,0.51948,1.2987,1.5584,0
10,window.tye.txt,8,0.99897855,114,44.07,9.0702,1029,0.45967,1.9436,0.29155,0.48591,1.8465,2.2352,0.58309,0.38873,0.77745,0.77745,0.38873,0.38873,0.77745,0.48591,0.19436,0.19436,3.0126,0.29155,1.8465,0.97182,0.68027,1.1662,0.38873,0.29155,0.29155,0.58309,0,1.069,0.87464,0.68027,0.19436,0.48591,0.58309,1.3605,1.069,0.29155,0.38873,0.097182,1.4577,4.276,1.3605,0.19436,2.138,0.19436,0.68027,3.0126,0,1.069,0.19436,1.6521,0.29155
10,yonkers.tye.txt,6,1.126506024,57,44.614,8.8596,500,0.588,2,0.4,0.8,2.2,0.2,0.2,0.8,0.6,0,0.4,0.4,3.8,0.2,0.4,0.6,3,0.2,2,1.8,0.8,0.2,0.4,0.6,0.2,0.4,0,1.2,2,0.6,0.2,0.6,0.4,1.4,0.2,0,0.6,0.6,2.2,3.4,0.2,1.4,1.2,0.6,0.2,0,0.8,0,0.8,0,0
