Song,im,like,get,got,dont,fuck,know,shit,nigga,aint,bitch,go,see,caus,yeah,love,want,make,back,sai,girl,let,never,fuce,need,man,time,come,us,tell,wanna,cant,right,babi,good,could,look,take,life,think,monei,em,even,real,feel,still,keep,work,give,yall,wai,said,world,black,bout,realli,ill,oh,new,talk,dai,better,made,put,call,thing,niggaz,everi,ya,live,gotta,uhh,high,tale,everyth,uh,ever,god,run,night,ass,head,boi,gon,kill,told,kid,light,two,yo,start,around,whole,hit,friend,iv,home,show,white,littl,ag,try,bad,hate,well,mean,gonna,turn,plai,would,alwai,hard,damn,rap,hear,chang,young,big,top,stop,might,next,last,drop,hei,best,bring,hand,dick,name,dream,tryna,everybodi,pleas,much,ask,wont,juke,lot,stai,face,hell,leav,came,find,na,million,peopl,citi,id,ging,hope,mind,first,walk,nobodi,old,game,gete,hoe,gone,thought,watch,year,homi,team,pop,act,rapper,crazi,til,song,gang,co,enough,blow,club,long,seen,smoke,bang,wolf,anoth,though,hold,awai,heart,ding,left,dead,done,sinc,alreadi,momma,noth,move,tire
acidrain.ctr.txt,6,1,6,0,6,1,0,1,1,0,1,2,2,1,1,1,0,2,3,0,1,0,0,0,0,2,0,0,0,0,0,1,0,0,2,1,2,1,0,3,1,0,0,0,1,14,0,0,0,0,0,0,0,0,0,0,0,0,1,0,0,0,0,0,0,0,0,0,2,0,0,0,1,0,0,0,0,2,0,0,0,0,0,0,0,0,0,1,0,0,0,0,0,0,0,0,0,2,1,1,1,0,0,0,0,1,0,1,0,0,1,0,1,0,0,0,1,1,0,1,0,0,0,0,0,0,0,0,0,0,0,0,0,0,0,0,0,0,0,0,2,0,0,0,1,15,1,0,0,0,0,0,0,0,0,0,0,0,1,0,0,0,0,0,1,2,0,0,0,0,0,0,0,0,1,0,0,0,2,0,0,0,0,0,0,1,0,0,0,1,0,0,0,0,0,0,0
BBC.jyz.txt,2,3,1,1,0,0,1,0,1,0,2,0,0,0,0,0,0,1,0,0,1,14,0,0,0,0,0,0,0,0,0,0,0,0,0,0,3,0,2,0,0,0,0,2,2,1,0,14,0,0,1,0,1,0,0,0,0,0,0,2,0,0,0,1,0,0,3,0,1,0,0,1,0,0,0,4,0,0,0,0,0,1,0,0,0,0,0,0,0,0,0,0,1,0,0,0,0,0,1,0,0,0,0,0,0,0,0,0,0,0,0,0,0,0,1,0,0,0,1,0,0,0,0,0,0,0,0,0,0,0,0,0,0,0,0,0,0,0,0,0,0,0,0,0,0,1,1,0,0,0,1,0,0,1,0,0,0,0,0,0,0,0,0,0,0,0,0,0,0,0,0,0,0,0,0,0,0,0,0,0,0,0,0,0,0,0,0,0,0,0,0,0,0,0,0,0,0
starborn.jyz.txt,4,5,1,3,0,1,0,1,2,0,1,2,2,0,0,0,1,1,2,0,0,1,0,1,0,1,2,1,1,0,0,2,0,0,0,3,0,0,2,0,0,4,0,2,0,1,1,0,1,0,0,0,0,0,0,0,3,0,0,0,1,0,1,0,0,0,0,0,2,0,0,0,0,0,0,0,0,0,3,0,1,0,1,0,0,1,0,1,1,0,0,0,0,0,1,0,0,0,1,0,0,0,0,0,0,0,0,0,0,0,0,0,0,1,0,1,0,0,0,0,0,1,0,1,1,0,0,0,0,0,1,0,0,0,0,0,0,0,0,0,0,1,0,5,0,0,0,0,0,0,1,0,0,0,0,1,0,1,0,2,0,3,0,0,0,0,0,0,0,0,0,0,0,0,0,0,0,1,2,0,0,0,1,0,0,1,0,0,0,1,0,1,0,0,0,2,0
Energy.drk.txt,2,3,0,28,2,5,0,2,17,3,1,1,5,0,5,0,0,1,0,1,1,0,1,5,0,2,1,0,0,2,2,0,0,0,0,0,1,5,3,0,1,1,0,4,0,1,2,0,1,2,3,0,0,0,3,1,0,0,0,1,3,0,0,0,1,0,0,1,1,0,1,0,1,3,0,0,0,0,3,0,1,0,0,3,0,0,4,0,0,0,0,0,0,0,2,0,0,1,0,0,0,1,0,0,1,2,1,1,0,0,0,0,0,1,3,0,0,0,0,0,0,0,0,0,0,0,0,0,0,0,0,11,1,0,0,0,0,0,0,0,0,0,1,0,0,0,1,5,0,0,1,1,0,0,0,0,0,0,0,0,0,0,0,0,0,0,0,1,0,0,0,0,0,0,0,0,0,0,0,0,0,0,0,0,0,0,0,0,0,0,0,0,0,0,0,0,1
hang_ten.ezy.txt,11,1,2,1,1,3,0,1,0,0,1,1,1,3,0,0,0,1,0,7,1,3,0,0,0,2,0,0,1,0,0,1,0,0,0,0,0,0,1,0,0,0,0,0,0,0,0,0,0,0,0,1,0,0,0,0,0,0,1,0,1,0,0,0,0,0,0,0,0,0,0,0,0,0,0,0,1,0,0,0,0,0,0,0,0,0,0,0,0,0,0,0,0,1,0,2,0,0,0,0,3,0,0,0,4,2,0,0,0,0,7,1,0,0,0,0,1,0,0,0,1,0,0,1,0,0,0,0,0,0,0,0,0,0,0,0,2,0,1,0,0,0,0,0,1,0,0,0,0,0,1,0,0,0,0,0,3,0,0,0,0,0,0,0,0,1,0,3,0,0,0,0,0,0,0,0,0,0,0,0,0,0,0,0,0,0,0,0,0,0,0,1,0,0,0,0,0
part_2.jyz.txt,3,0,3,3,7,1,2,1,2,4,0,1,2,0,2,6,2,1,1,2,5,1,4,0,0,0,0,4,1,1,0,0,1,3,2,0,0,1,5,0,0,0,1,0,0,0,1,0,17,0,0,0,1,1,1,0,4,1,0,0,1,0,0,0,0,1,3,0,0,0,1,4,0,0,0,1,0,0,1,0,0,0,2,0,0,0,0,1,0,1,0,0,0,1,0,0,0,0,1,0,0,0,3,0,0,0,0,0,0,1,0,0,0,2,1,0,0,0,0,0,0,1,0,1,0,1,3,0,0,0,0,0,0,0,0,0,0,0,1,0,0,2,0,0,0,0,0,0,0,0,0,1,0,0,0,0,0,0,0,0,0,0,0,0,0,0,0,0,0,1,2,0,0,0,0,0,0,1,0,0,0,0,0,0,1,0,1,1,0,0,0,1,0,1,0,0,0
mAAdcity.ken.txt,4,3,2,3,0,4,3,4,11,5,1,3,2,2,3,0,0,3,2,3,0,0,0,3,1,2,3,0,0,0,0,0,0,0,0,0,0,1,2,0,0,0,1,2,0,3,0,0,0,1,0,2,0,0,0,0,1,0,1,0,1,0,3,0,0,1,0,2,0,1,0,0,1,0,0,1,2,0,1,0,1,2,1,0,4,1,0,1,1,4,0,0,1,3,1,3,0,0,1,0,0,0,0,0,0,0,0,1,0,3,0,0,0,1,1,0,0,0,2,0,0,2,1,0,0,0,1,2,1,0,1,0,1,0,0,0,1,0,0,1,0,1,0,0,0,0,0,0,3,0,0,1,0,2,0,0,0,0,0,0,0,1,1,0,0,0,1,0,0,0,0,1,1,1,0,0,0,0,3,2,2,0,0,0,1,0,1,1,1,1,0,2,0,2,0,1,0
almost.ezy.txt,10,3,2,3,1,3,1,3,0,0,2,5,0,1,5,0,0,4,3,3,0,0,3,0,0,3,0,0,0,1,0,1,1,0,0,1,1,2,0,1,1,0,0,0,0,2,0,1,0,0,0,0,1,1,0,0,0,0,0,0,1,0,1,0,0,0,0,1,0,0,0,0,0,0,4,0,0,0,1,1,0,0,0,0,0,0,0,0,0,0,0,1,0,0,0,0,0,0,0,0,0,3,1,2,0,0,0,0,0,0,3,0,0,0,0,0,2,0,0,1,0,2,3,0,0,0,2,0,0,1,0,1,0,0,1,1,0,0,1,0,1,0,1,3,0,0,0,0,1,0,0,0,0,0,0,0,0,0,0,0,0,0,1,0,0,2,0,0,1,0,0,0,0,0,0,1,0,2,0,1,0,0,0,0,0,0,0,0,0,0,0,0,0,0,0,1,0
freaks.gam.txt,9,5,3,5,2,3,0,5,2,1,3,0,0,2,9,1,0,2,3,2,7,1,1,5,3,4,2,1,0,1,2,1,1,0,0,0,0,0,0,2,0,0,0,0,0,0,0,2,1,2,0,0,0,4,0,0,1,1,0,1,0,0,2,2,1,0,4,1,0,0,0,0,0,1,1,0,0,0,0,0,1,1,0,0,0,1,1,0,1,1,0,0,0,0,0,0,0,0,3,0,0,0,0,0,0,0,0,0,0,0,0,1,0,0,0,0,0,3,0,0,0,0,1,0,0,0,0,0,3,0,0,0,0,0,0,0,0,0,0,1,1,0,0,0,0,0,0,0,0,0,0,1,0,0,0,0,0,1,0,0,0,0,0,0,0,2,0,0,2,1,0,0,0,1,1,0,1,0,1,1,1,0,0,1,0,0,0,0,1,0,0,0,0,0,0,1,0
runway.igg.txt,6,5,4,0,3,0,1,1,0,2,0,5,7,2,0,0,0,0,1,2,0,0,2,0,0,0,0,1,0,0,1,0,1,0,0,0,0,0,0,0,0,0,0,1,2,1,0,0,0,0,1,0,0,0,0,1,0,0,0,0,4,0,2,5,2,0,0,0,0,0,1,0,0,0,4,0,1,0,4,0,0,0,0,0,0,0,0,1,0,0,1,0,0,0,0,0,11,0,0,0,0,0,0,0,1,0,0,0,0,0,1,0,0,0,0,1,0,0,0,0,0,0,0,0,0,0,0,0,0,0,0,0,0,0,0,0,0,0,0,0,0,0,0,1,9,0,0,0,1,0,0,0,2,0,0,0,0,0,0,0,2,0,0,0,0,0,0,0,0,0,0,0,0,0,1,0,0,0,0,0,1,0,1,0,1,5,16,0,0,0,0,0,0,0,0,0,0
so_ambit.jyz.txt,6,3,0,0,2,1,0,1,1,1,0,0,2,1,6,0,0,1,2,1,0,1,0,0,0,0,0,0,1,1,1,1,0,2,2,3,0,1,0,0,1,1,2,0,0,0,1,0,0,1,0,3,1,0,0,1,2,3,0,0,0,1,2,0,0,1,0,1,0,0,0,0,0,0,0,1,0,0,0,0,1,3,0,2,0,0,3,1,1,0,1,0,0,1,0,0,0,0,1,0,0,0,0,0,3,0,0,0,0,0,0,0,0,0,1,0,0,0,1,0,2,0,1,0,12,0,0,0,1,0,1,0,1,0,0,0,0,0,0,0,0,0,0,0,0,0,0,0,0,2,0,0,0,0,0,0,1,0,0,0,0,1,0,0,0,0,1,0,0,0,0,0,0,1,1,0,0,0,0,1,0,0,0,0,0,1,0,0,0,1,0,0,0,0,0,1,0
venus_vs.jyz.txt,5,13,8,4,0,0,0,2,0,0,0,0,0,0,1,0,0,1,1,0,0,1,0,0,0,2,1,0,3,0,0,0,0,0,1,0,0,0,0,1,0,1,0,0,1,0,0,0,0,0,0,1,0,1,0,0,0,1,0,0,0,1,1,0,1,0,0,0,1,1,0,0,0,0,0,0,1,0,0,0,0,1,0,0,0,0,0,0,0,0,1,0,2,1,0,0,0,0,3,0,0,0,0,0,0,1,0,0,2,0,0,1,1,0,0,0,0,1,0,0,0,0,0,0,0,0,0,0,0,0,0,0,0,0,1,0,0,0,0,0,1,0,0,0,0,0,0,0,0,0,0,0,0,0,0,0,0,0,1,0,0,3,0,0,0,0,0,0,0,0,0,0,0,0,0,1,0,0,0,0,0,0,0,0,0,0,0,0,2,0,0,1,0,0,0,0,0
random.ezy.txt,8,3,1,9,3,2,1,6,0,3,0,1,2,1,8,0,3,1,0,2,3,0,0,0,3,0,1,3,0,0,0,0,1,0,0,0,1,0,1,2,3,0,0,1,2,0,0,0,1,1,1,1,4,0,0,0,1,0,0,2,0,0,0,1,0,0,0,0,0,0,0,0,0,0,3,2,0,0,0,0,0,0,1,4,0,3,0,0,5,0,0,0,0,0,0,0,0,0,0,0,0,2,0,0,0,0,0,0,0,0,0,0,0,0,0,0,4,0,0,0,0,0,0,0,0,0,0,0,0,0,0,0,4,1,0,0,0,0,0,1,0,0,0,0,0,0,0,0,0,0,0,0,0,0,0,0,0,1,0,0,0,0,0,0,0,0,0,0,0,0,0,0,0,0,0,1,0,0,0,0,0,0,0,0,0,0,0,0,0,0,0,0,0,0,5,0,0
cocoabut.ctr.txt,7,9,2,4,3,2,5,1,0,0,0,5,3,2,1,1,0,2,0,1,0,1,3,1,1,0,1,1,2,0,2,2,0,0,0,2,1,2,0,9,0,1,1,0,3,3,1,0,0,1,0,1,0,0,0,1,1,1,1,0,1,0,1,1,0,0,0,0,0,0,0,0,1,0,0,0,0,3,0,0,0,0,0,0,0,0,1,1,1,0,0,0,0,1,0,0,1,0,0,1,0,1,0,0,2,2,0,0,0,1,0,1,0,2,0,0,0,0,0,0,1,0,0,0,0,0,1,0,1,0,0,0,0,0,0,0,0,0,0,0,1,1,0,0,0,0,0,0,0,0,1,0,0,0,0,0,1,0,0,1,0,0,0,0,2,0,0,0,0,0,1,0,0,1,1,1,0,0,0,2,0,0,0,3,0,0,0,0,0,2,0,0,0,1,0,0,0
window.tye.txt,19,6,6,2,3,11,3,3,4,3,4,3,2,3,6,0,0,4,2,4,1,1,1,10,0,1,1,3,1,1,0,2,0,0,0,3,1,1,1,1,0,2,1,1,2,0,0,1,2,1,0,1,8,2,0,1,0,1,0,2,1,1,1,0,1,2,3,3,0,2,1,2,2,0,2,0,0,0,0,0,0,0,1,1,0,0,1,0,0,1,0,0,3,0,3,0,1,1,0,1,1,2,1,0,0,0,0,0,1,1,1,2,0,0,1,1,0,1,7,2,1,0,0,0,0,0,1,0,0,0,5,0,2,0,0,0,0,0,1,1,0,1,0,0,0,0,0,1,2,1,0,0,1,0,1,0,0,0,2,0,0,1,0,0,0,1,0,0,0,0,0,1,1,0,0,0,0,0,0,3,0,2,4,0,1,0,0,0,2,1,0,1,0,0,0,0,0
Hailies_song.mnm.txt,11,8,3,4,4,1,3,2,0,1,0,0,3,5,1,2,0,4,4,0,1,0,0,2,1,3,2,1,0,0,2,2,2,9,0,3,3,2,2,3,0,0,0,1,5,0,3,0,1,0,0,1,5,0,0,0,0,3,0,0,1,0,0,0,0,0,0,0,1,2,0,0,0,0,0,0,1,1,0,0,0,0,0,0,0,1,0,0,0,2,0,0,0,1,0,5,0,1,0,0,0,2,1,0,3,0,0,0,0,0,0,0,0,0,0,0,0,0,0,0,0,0,0,0,0,0,0,0,0,0,0,0,0,0,0,0,0,0,1,0,0,1,0,0,0,0,0,2,0,3,1,0,0,0,0,0,0,0,1,0,0,0,1,2,0,0,0,1,0,6,0,1,0,1,0,1,0,1,2,0,0,0,0,0,1,0,0,0,0,0,0,0,0,0,1,0,0
backseat.ken.txt,5,2,2,6,1,2,0,0,3,1,3,5,0,0,0,0,2,1,0,1,0,0,3,0,1,0,2,0,0,1,0,0,1,0,1,0,1,0,4,0,2,0,1,0,1,0,0,0,0,1,3,0,1,0,0,0,0,0,0,0,0,0,0,1,0,0,0,0,1,1,0,1,0,0,1,0,0,0,1,0,2,0,0,1,0,0,0,0,0,0,1,0,0,0,0,2,0,0,0,0,0,0,0,0,0,0,0,0,3,0,0,0,3,0,0,0,0,1,0,0,0,1,1,0,0,0,0,0,1,0,6,0,0,0,0,0,0,0,0,0,0,0,0,0,1,0,0,0,1,0,0,0,3,0,0,0,0,1,0,1,0,0,0,0,0,0,1,0,0,0,0,0,0,0,0,0,0,0,0,0,0,0,0,0,0,0,0,0,0,0,0,1,0,0,0,0,0
family.ctr.txt,6,5,6,7,7,1,4,0,3,0,1,7,1,3,0,1,1,3,3,0,0,2,1,0,2,2,2,2,2,1,1,0,0,0,8,1,0,1,0,0,1,3,0,0,1,2,0,3,0,0,0,1,0,0,0,0,0,0,1,0,2,0,1,0,0,0,0,0,2,3,0,0,0,0,0,0,0,0,0,0,3,0,0,1,0,1,1,0,0,0,0,0,0,0,2,0,0,1,0,0,1,2,0,0,0,0,0,2,1,0,0,0,0,3,2,0,2,1,0,0,0,0,0,0,0,0,2,0,0,1,1,0,0,0,0,0,0,0,1,2,0,0,0,0,0,0,0,0,0,0,1,2,1,0,0,0,0,1,0,2,0,0,1,0,0,1,2,0,1,0,3,0,0,0,0,1,0,0,1,0,0,0,0,0,0,2,2,0,0,0,0,0,0,0,0,0,0
newb-tch.igg.txt,10,2,1,3,2,0,5,3,0,1,6,2,0,3,2,0,2,1,0,3,3,2,0,0,1,0,0,0,3,2,1,1,0,0,1,0,0,1,1,1,1,0,0,0,0,1,0,0,0,1,0,1,3,1,0,0,0,1,9,0,0,1,0,0,0,0,0,0,0,0,0,0,0,0,1,0,0,0,0,0,0,0,0,2,0,0,0,0,0,0,0,0,1,0,2,0,1,0,0,0,0,1,1,1,1,0,1,0,0,0,1,1,3,0,0,0,0,1,0,2,0,1,1,1,1,0,0,1,0,0,0,0,0,0,0,0,1,0,0,0,1,0,0,0,0,0,0,1,0,0,0,1,0,0,0,0,1,0,0,0,0,0,1,0,0,0,1,0,0,0,0,0,0,0,0,0,0,0,0,0,0,0,0,0,0,0,0,0,1,0,1,0,0,0,0,2,0
lose_yourself.mnm.txt,2,2,4,3,4,0,5,0,0,0,0,5,0,2,0,1,2,1,4,0,0,3,2,0,0,2,2,3,0,0,1,2,2,1,0,0,2,1,3,0,0,0,1,0,0,0,1,0,1,0,0,0,2,0,0,0,0,2,1,0,1,5,0,0,1,0,0,0,0,0,0,0,0,0,1,0,1,1,1,0,0,0,0,0,0,1,0,0,1,2,0,0,3,0,0,2,3,1,0,0,1,1,0,0,0,0,0,0,1,1,0,1,0,0,0,2,0,0,0,0,0,2,0,1,0,1,0,0,0,0,0,0,1,0,1,0,3,0,1,1,0,0,0,0,0,0,0,0,0,0,0,1,1,0,0,0,2,1,0,2,0,0,0,0,1,0,0,0,0,0,0,0,0,0,0,3,0,0,0,0,0,0,1,0,1,0,0,0,0,0,0,0,1,0,0,2,0
you_got_me.ezy.txt,5,2,5,36,1,47,1,7,0,2,33,0,4,0,0,0,0,1,0,7,0,0,0,0,4,0,1,4,4,1,0,0,0,0,0,0,1,1,0,0,0,0,1,0,0,0,1,0,0,0,0,0,0,0,0,0,0,0,0,0,0,4,0,0,0,0,0,0,0,0,0,0,2,4,0,2,0,0,0,0,0,0,0,0,0,0,0,0,0,0,4,0,4,0,0,0,1,0,0,0,0,4,0,0,0,5,0,0,0,0,0,0,0,0,0,0,0,0,0,0,0,0,0,0,0,0,0,0,0,0,0,3,0,0,0,0,0,0,0,0,0,0,0,4,1,0,0,1,0,4,0,0,0,0,5,0,0,0,0,0,0,0,0,0,0,0,0,2,0,0,0,0,4,0,0,1,0,0,0,0,0,0,0,1,0,0,0,0,0,0,0,0,0,0,0,0,0
senditup.wst.txt,1,7,2,3,2,0,0,1,0,0,6,8,0,1,0,0,0,1,1,0,0,0,0,0,0,0,0,0,0,0,0,5,0,0,2,0,0,0,0,0,0,2,1,1,0,0,0,2,0,0,0,2,0,0,0,0,0,0,2,0,1,0,1,0,3,0,1,0,0,2,1,0,0,0,0,0,0,0,0,1,1,0,0,0,0,0,0,0,1,0,0,1,0,0,2,0,0,0,0,0,4,0,2,0,0,0,0,0,0,0,2,1,0,0,0,0,0,0,0,0,1,0,1,1,0,0,0,0,0,1,0,0,0,0,0,0,0,0,0,0,0,0,1,2,0,0,0,2,0,0,1,0,0,1,0,0,0,0,0,0,0,0,0,0,0,0,0,0,0,0,1,0,0,0,0,0,5,0,0,0,0,0,0,0,0,0,1,0,0,0,0,1,0,0,0,1,0
heaven.jyz.txt,5,3,0,1,1,2,1,3,1,1,1,0,2,0,1,3,1,0,0,0,0,0,0,0,0,0,0,0,1,2,0,1,0,0,0,1,0,0,0,0,0,0,0,0,0,0,0,0,0,2,0,0,0,0,0,0,0,0,1,0,0,0,0,0,0,0,1,0,0,1,1,4,1,0,0,7,4,4,0,0,0,0,1,0,0,0,0,0,0,0,0,0,0,0,0,0,0,0,0,0,1,0,0,0,0,0,0,1,3,0,0,0,0,0,0,0,0,0,0,0,0,0,1,0,0,0,0,0,0,0,0,0,0,0,1,0,0,0,0,0,0,1,0,0,1,0,0,0,0,0,0,0,0,0,0,0,0,0,1,0,0,0,0,0,0,0,0,0,0,0,0,0,0,0,0,0,0,0,1,1,0,0,0,0,0,0,0,0,0,0,0,0,0,0,0,0,0
fire_fly.gam.txt,8,14,2,4,2,2,1,0,1,2,0,1,1,2,1,1,1,3,0,1,4,0,0,0,0,6,2,1,6,1,5,2,1,0,0,2,1,1,0,1,0,0,1,0,0,1,0,0,1,0,0,0,1,4,0,1,0,1,2,0,1,0,0,0,1,1,1,0,0,1,1,0,1,0,0,0,0,0,0,0,0,0,0,0,0,0,3,0,0,0,0,0,0,1,1,0,0,2,0,0,0,0,0,0,0,0,1,0,0,0,0,2,0,1,1,0,0,1,0,0,0,0,0,1,0,0,0,0,0,0,0,0,1,0,0,0,1,0,0,0,0,1,0,0,1,0,0,0,0,0,0,0,0,0,0,0,0,0,1,0,0,1,1,0,0,0,0,2,0,1,0,0,0,0,1,0,0,0,0,0,0,0,0,1,0,0,0,0,0,0,0,0,0,0,0,0,0
6_god.drk.txt,13,4,4,3,3,4,5,5,3,1,2,1,1,0,4,0,0,1,2,2,2,0,0,1,1,1,0,3,3,0,0,0,4,0,0,0,0,0,1,0,1,1,0,1,0,0,0,2,4,0,1,0,0,1,3,2,8,0,5,1,0,0,0,1,1,8,0,1,0,0,0,0,0,0,0,0,1,2,0,0,0,0,15,0,0,1,0,0,0,0,0,0,1,3,0,0,1,0,0,0,0,0,0,1,0,0,0,0,0,0,0,0,1,0,1,1,0,0,0,0,0,0,1,0,0,0,0,0,0,0,0,0,0,0,0,0,0,0,0,0,0,0,0,0,0,0,0,0,1,0,0,0,0,1,0,2,2,0,0,0,0,0,1,0,0,0,0,0,0,0,0,0,0,1,0,0,0,1,0,0,0,0,1,0,0,0,0,0,0,0,0,0,1,0,0,0,0
off_that.jyz.txt,7,0,2,3,6,1,2,2,4,2,2,0,0,3,3,1,0,0,6,3,0,1,0,0,1,0,2,2,4,4,1,3,1,0,0,0,0,0,0,0,0,0,1,0,0,1,0,0,4,1,1,0,0,3,0,1,0,0,1,0,0,0,0,0,0,0,1,0,0,0,0,10,3,0,0,0,0,1,0,0,0,0,0,0,0,0,0,0,0,0,0,1,0,0,0,0,0,1,3,0,0,0,0,0,0,1,0,0,0,0,1,1,0,0,0,0,0,0,1,0,0,1,1,1,16,1,2,0,0,0,0,0,0,1,0,0,0,0,0,0,0,0,0,0,2,0,0,0,0,0,0,0,0,0,0,0,1,0,0,1,0,0,0,2,0,0,0,0,0,0,0,0,0,0,0,0,1,0,0,0,0,0,0,0,1,0,0,0,0,0,0,0,0,0,0,1,0
nochurch.jay.txt,3,3,2,3,2,1,1,0,0,1,0,0,0,2,1,2,0,1,0,0,1,1,1,0,0,0,0,0,0,0,0,2,0,0,0,0,0,0,0,0,1,0,0,1,0,1,1,0,0,2,0,1,0,1,1,0,0,0,1,0,0,0,1,0,1,1,0,0,0,1,0,0,0,0,0,0,0,3,0,1,0,0,0,0,0,0,0,0,1,0,0,0,1,0,0,0,0,0,1,0,0,0,0,0,0,0,0,0,0,0,0,0,0,0,1,0,0,0,0,0,0,0,1,0,0,0,0,0,0,0,0,0,0,0,0,1,0,0,0,0,0,1,0,0,0,0,0,0,0,0,0,0,0,0,1,1,0,0,0,0,0,0,0,0,0,0,0,0,0,0,0,0,0,1,0,0,0,1,0,0,0,0,0,0,0,0,0,0,0,0,0,0,0,0,0,0,0
backseat.igg.txt,3,1,7,3,1,0,1,1,0,0,0,2,2,1,0,12,4,0,18,0,0,0,1,0,0,0,2,3,0,2,0,1,2,0,3,0,1,0,0,0,0,0,0,0,2,0,0,0,8,0,1,0,0,0,0,1,0,0,0,0,0,0,0,0,0,0,0,0,0,0,1,0,0,0,0,0,0,0,0,1,0,0,0,2,0,0,0,0,0,0,0,0,0,0,0,1,1,0,0,0,0,0,1,0,0,0,2,0,0,0,0,1,0,0,0,0,0,0,2,0,0,0,1,1,0,0,1,0,0,0,0,0,0,0,0,0,0,0,9,0,0,0,0,0,0,0,0,0,0,0,0,0,0,0,0,0,0,0,0,0,1,1,0,0,0,0,2,0,0,0,0,0,0,0,0,0,0,0,0,0,0,0,0,0,0,0,0,0,0,0,0,0,2,0,0,0,0
marshall_mathers.mnm.txt,7,9,8,3,9,9,2,5,0,1,5,2,8,4,0,2,4,2,3,0,1,1,1,4,1,0,0,3,1,1,3,2,2,0,0,0,2,2,0,3,0,3,2,0,0,0,0,0,1,3,0,1,1,0,0,0,3,1,1,1,0,0,0,3,2,0,0,2,0,1,0,1,0,1,0,0,1,0,3,0,2,2,1,0,1,0,3,0,2,1,1,4,0,0,0,3,0,0,1,5,1,2,0,0,0,0,0,0,0,0,0,0,1,0,0,0,0,5,2,0,3,0,2,0,0,1,0,0,1,0,0,0,3,0,2,1,2,0,1,0,0,1,0,0,0,0,3,0,0,0,0,0,0,0,2,2,0,0,1,0,1,0,1,2,0,0,1,1,0,0,1,0,0,0,0,0,1,0,2,0,0,0,1,0,0,1,0,0,0,1,0,0,0,0,0,0,0
bitchdnt.ken.txt,3,4,3,5,16,0,5,2,1,1,13,0,3,0,0,1,1,1,0,3,0,2,1,0,1,0,1,1,0,2,0,0,1,0,0,0,4,1,2,0,0,0,2,0,10,0,2,0,1,0,1,0,3,1,0,0,2,0,3,1,0,1,0,2,0,1,0,3,0,5,0,0,0,0,0,1,0,0,0,0,0,0,0,0,13,0,0,0,2,1,0,1,0,0,0,0,0,0,0,0,2,2,0,0,0,0,1,0,0,1,1,0,0,0,0,2,0,0,1,1,0,0,0,0,0,0,0,0,0,1,0,0,0,0,1,0,0,0,0,0,1,0,0,0,2,0,0,2,1,0,1,0,0,1,1,0,0,0,0,0,0,0,1,1,0,0,0,0,0,0,0,0,0,0,0,0,0,2,0,0,0,0,1,0,0,1,1,0,0,0,0,0,0,0,0,0,0
goddess.igg.txt,1,3,6,2,1,0,2,0,0,5,0,0,1,1,0,0,1,4,0,0,1,0,2,0,1,2,1,2,2,0,1,0,0,0,0,3,0,0,0,1,1,0,0,1,1,0,0,0,0,4,0,0,0,0,1,0,1,1,0,0,0,1,0,2,1,0,0,0,1,1,0,0,0,0,0,2,0,1,0,0,0,0,0,0,0,0,0,0,0,0,1,0,0,0,0,0,0,0,1,0,0,0,0,0,0,0,0,1,2,1,0,1,0,0,0,0,1,0,0,2,0,0,0,0,0,0,0,1,0,1,0,1,0,0,0,1,1,0,0,0,1,1,1,0,0,0,0,0,0,0,0,0,0,0,0,0,0,0,0,0,0,0,0,0,0,0,0,0,3,1,1,0,0,0,1,0,0,0,1,0,0,0,0,0,0,0,0,0,0,0,1,0,0,0,0,0,2
radicals.tye.txt,16,1,2,5,4,27,1,13,10,7,1,10,0,2,0,0,3,4,0,2,0,12,1,17,0,3,0,1,3,2,0,2,2,0,0,0,2,0,0,0,2,8,0,1,1,1,0,0,0,0,1,0,0,1,0,0,0,0,0,0,0,0,0,0,0,0,0,0,0,0,10,0,0,0,0,0,0,0,0,0,0,0,0,0,4,0,2,0,1,1,0,0,0,0,0,0,0,0,1,1,0,1,0,0,0,0,1,0,0,0,0,2,0,0,1,0,0,0,0,0,1,0,0,0,1,0,0,0,0,0,2,1,1,0,0,0,0,0,0,0,0,0,0,1,0,0,0,4,0,0,0,0,0,0,0,2,1,0,2,0,0,0,0,0,0,0,0,0,0,1,0,1,3,0,0,0,0,0,0,0,0,4,0,0,0,0,0,0,0,0,0,0,0,0,0,0,0
good_kid.ken.txt,3,1,1,3,4,0,4,0,0,1,0,0,3,2,0,0,2,1,0,1,0,0,2,0,0,0,2,0,0,1,0,0,0,3,3,0,2,0,0,0,0,0,0,0,2,1,0,0,0,0,1,1,0,0,0,0,1,0,0,0,1,2,1,1,1,0,0,1,0,2,0,0,0,0,0,0,1,0,0,0,0,1,0,0,1,0,3,1,0,0,0,0,0,0,0,0,0,0,0,0,0,0,0,0,1,0,0,0,0,0,0,1,0,0,0,1,1,1,1,0,0,0,0,0,0,1,1,0,0,0,0,0,0,0,0,2,0,0,0,0,1,0,0,0,0,0,0,0,3,0,0,1,3,0,1,0,0,0,0,0,0,0,0,0,1,0,0,0,0,0,0,1,1,0,0,0,0,0,0,0,1,0,0,0,1,1,0,0,0,0,0,0,0,0,1,0,1
interlde.ctr.txt,0,0,0,0,0,0,1,0,0,2,0,0,0,0,30,31,0,0,3,3,0,0,0,0,0,0,0,1,0,0,0,0,1,0,0,2,1,0,0,0,0,0,0,0,0,0,0,0,0,0,0,0,0,0,0,0,0,0,0,0,0,12,0,0,0,0,0,0,0,0,0,0,0,0,0,0,0,0,0,0,0,1,0,0,0,0,0,0,0,0,0,0,0,1,0,1,0,0,0,0,0,0,0,0,0,1,0,0,0,0,0,0,0,0,0,0,0,0,1,0,0,0,0,0,0,0,0,0,0,0,1,0,0,0,0,0,0,0,0,0,0,0,1,0,0,0,0,0,0,0,0,0,0,1,0,0,0,0,0,0,0,0,0,0,0,0,1,0,0,0,0,0,0,0,0,0,2,0,2,0,0,0,0,0,0,0,0,0,0,0,0,0,0,0,0,0,0
gold_dig.wst.txt,2,2,30,11,2,2,3,0,0,14,0,1,1,1,0,1,3,1,1,9,20,0,0,0,3,0,0,0,1,3,0,3,1,4,0,0,3,3,0,0,4,0,0,0,0,1,1,0,0,3,1,1,0,0,0,0,0,1,0,0,0,1,0,0,1,0,6,0,10,0,2,0,0,0,0,0,0,0,0,0,4,16,0,0,0,1,4,0,0,3,0,1,0,0,3,0,0,0,1,0,0,1,1,0,0,0,0,0,0,0,0,0,0,0,0,0,0,0,0,0,0,1,0,0,0,1,0,0,0,0,0,0,0,0,1,0,0,0,0,1,0,0,4,0,0,0,0,0,0,0,0,0,0,0,1,0,0,0,0,0,19,0,1,5,0,0,0,0,0,0,0,0,0,0,0,0,0,0,1,1,0,0,0,0,0,0,0,0,0,0,0,0,0,1,0,0,0
prmnight.ctr.txt,5,4,7,0,6,4,4,4,2,2,1,6,1,1,0,5,4,1,2,0,0,1,2,0,0,0,2,0,2,0,0,2,7,1,10,1,5,0,0,1,0,1,1,0,2,0,0,0,1,1,1,2,0,0,0,2,0,0,0,0,4,0,1,1,5,0,0,0,0,0,0,0,0,0,2,1,0,0,1,10,2,1,0,0,0,0,0,0,0,3,0,0,1,0,0,1,0,1,1,1,1,0,0,0,0,0,2,0,0,3,1,0,1,5,0,4,0,0,0,0,0,0,0,0,1,0,1,1,0,2,0,0,1,0,0,2,0,0,0,0,0,0,0,1,0,0,0,0,0,0,0,4,0,0,0,0,0,0,0,1,0,1,1,0,2,0,1,0,0,1,0,1,0,0,0,1,0,0,0,0,0,0,0,0,0,1,0,0,0,0,1,0,0,1,0,0,0
feedback.wst.txt,4,1,8,1,1,0,3,0,4,1,1,0,0,1,0,0,2,2,0,1,0,1,1,0,2,1,7,1,4,0,0,4,0,0,8,0,0,0,0,0,3,0,3,0,1,0,0,0,0,8,0,0,0,0,3,1,0,0,4,0,0,0,2,0,0,0,0,1,0,0,0,0,0,0,0,1,0,0,0,0,0,0,1,0,2,0,0,0,0,0,0,0,0,0,0,5,0,1,0,0,0,0,0,0,0,1,0,0,2,0,0,0,0,0,0,0,0,1,0,0,1,0,0,0,0,0,0,5,0,1,0,0,1,0,0,0,0,0,0,0,0,0,0,0,0,0,0,1,0,0,0,0,4,0,0,0,0,0,0,0,0,0,0,0,0,0,0,0,0,1,0,0,0,0,0,0,0,4,0,0,0,0,1,0,3,0,0,0,0,0,0,0,0,0,0,0,0
my_fault.mnm.txt,12,0,5,0,4,0,3,0,0,2,1,3,0,1,0,1,2,1,2,3,2,2,3,0,3,0,0,0,0,0,0,1,1,1,0,0,1,1,0,2,0,4,1,0,0,0,0,0,1,0,0,4,2,0,0,0,1,5,1,0,1,2,0,1,0,1,0,0,1,0,1,0,1,2,0,0,0,4,1,0,0,1,0,0,0,1,1,0,1,1,1,0,1,0,0,0,0,0,0,1,1,3,1,1,3,1,1,1,0,1,0,0,0,0,0,0,0,0,0,2,1,0,0,0,0,0,1,0,0,0,0,0,0,4,0,0,0,0,0,0,0,1,1,1,1,0,0,0,0,0,2,0,0,4,0,0,1,0,1,0,0,0,0,1,0,0,0,0,0,0,0,0,0,0,0,0,0,1,1,0,0,0,1,0,0,1,0,0,1,3,0,0,0,0,0,0,0
thankyou.jyz.txt,5,5,1,2,3,0,2,0,1,0,0,0,0,2,0,0,1,1,0,2,0,1,0,0,1,0,0,0,3,0,0,1,0,1,1,0,0,0,0,0,1,2,1,0,1,0,4,0,0,0,1,0,0,2,0,10,2,0,0,0,0,0,1,2,0,0,0,0,0,1,0,0,10,0,0,0,0,1,0,0,0,0,1,0,2,0,1,0,0,0,0,0,0,1,0,1,0,0,0,0,0,0,0,0,2,0,1,0,0,2,0,0,0,0,0,0,0,0,0,1,1,0,1,0,0,0,0,1,0,1,0,0,0,2,2,0,0,0,0,0,1,1,0,0,0,0,0,0,0,1,2,0,0,0,0,0,0,0,0,0,0,2,0,0,0,0,0,0,1,0,0,2,0,1,0,0,0,0,0,1,0,0,0,0,3,0,0,0,0,0,0,0,0,0,0,0,0
Bully.mnm.txt,5,5,6,4,4,5,4,3,0,6,1,2,5,4,0,0,1,3,1,6,0,1,0,0,0,4,0,1,2,0,0,2,1,0,0,1,0,2,0,1,0,0,2,0,0,0,3,0,0,0,0,0,1,1,0,2,1,0,0,1,0,0,1,0,0,1,0,1,0,0,1,0,0,0,0,0,0,0,0,0,2,0,2,0,2,0,0,0,0,1,1,0,1,0,0,0,0,0,2,1,1,2,1,0,1,0,2,1,1,0,0,2,1,1,0,0,0,3,0,0,0,0,0,0,0,0,0,2,0,1,0,0,1,0,2,0,1,0,0,0,2,0,0,0,0,0,1,0,0,1,0,0,0,0,0,0,0,1,0,0,0,0,0,0,0,0,0,1,0,0,0,1,0,0,0,1,0,0,0,1,0,1,1,2,0,1,0,0,1,0,0,0,0,0,0,0,0
twoofus.mnm.txt,0,0,4,2,10,0,2,0,0,0,0,4,1,1,0,6,2,1,1,1,0,3,1,0,3,0,0,0,14,1,3,2,1,5,0,0,1,3,0,0,0,1,0,4,1,1,1,0,1,0,2,1,3,0,0,0,1,2,2,0,0,1,2,1,4,2,0,0,2,0,0,0,0,0,0,0,3,0,1,0,0,1,0,0,0,1,0,0,16,0,0,1,0,0,0,0,0,1,0,4,0,0,1,0,5,1,3,0,2,1,4,0,0,0,1,1,0,0,0,0,0,0,0,0,0,0,0,0,0,0,0,0,0,0,0,1,0,0,0,0,0,1,0,0,0,0,0,0,0,0,1,0,0,1,1,1,1,0,0,0,0,0,0,0,0,0,0,0,0,1,0,0,0,0,1,1,0,0,0,0,0,0,0,0,0,0,0,0,0,0,0,0,0,0,0,0,0
she.tye.txt,6,3,1,3,2,1,0,2,1,1,0,0,2,3,0,1,3,0,2,4,4,2,0,0,0,1,1,1,1,1,6,0,1,1,0,0,1,2,0,0,0,0,0,1,0,0,0,0,2,0,1,0,0,1,0,1,1,0,1,2,0,0,0,1,0,1,0,0,0,0,0,0,0,0,0,0,0,0,0,2,0,0,0,0,0,0,0,1,3,1,0,1,0,1,1,1,0,0,0,1,0,0,0,0,0,0,0,0,0,0,0,1,0,0,0,0,0,0,2,0,0,0,1,0,0,0,0,0,0,0,0,2,0,0,0,3,0,0,0,0,0,0,0,0,0,0,0,0,0,0,0,0,0,0,0,0,0,1,0,0,0,0,0,0,0,0,0,1,0,0,0,1,0,0,0,0,0,0,1,0,0,0,0,0,0,0,0,0,0,0,0,0,0,0,0,1,0
my_world.igg.txt,6,0,5,1,0,1,1,5,0,1,13,1,2,0,0,0,0,0,0,1,5,1,1,0,0,1,2,0,0,2,0,1,0,0,0,0,0,0,0,0,4,2,0,0,2,0,0,0,0,0,0,0,5,1,0,0,0,0,0,1,0,1,0,1,1,0,0,1,0,0,1,0,1,0,0,0,0,0,1,0,0,0,0,0,2,0,0,0,0,0,0,1,0,1,0,0,0,1,7,0,0,0,5,1,0,0,0,1,0,0,0,0,0,0,0,0,0,0,0,0,0,2,0,0,0,0,0,2,0,0,0,0,0,0,0,0,0,0,0,1,1,0,0,0,0,0,0,0,0,0,0,0,0,0,0,0,0,0,0,2,1,0,0,0,0,6,1,0,0,0,0,0,1,0,2,0,0,0,0,0,0,0,1,0,0,0,0,0,0,0,1,0,0,0,0,0,0
oceans.jyz.txt,6,3,1,1,3,2,1,1,1,1,0,3,4,0,2,0,0,1,2,0,0,0,1,0,0,0,0,0,0,1,0,2,0,0,0,0,0,1,0,0,0,0,1,0,0,1,0,0,0,1,0,0,1,3,0,0,0,1,0,0,0,0,0,0,0,0,0,0,0,0,0,0,0,0,0,2,0,1,0,0,0,0,1,0,0,0,0,0,0,0,0,0,1,0,0,0,0,1,3,0,0,0,0,0,1,0,0,0,0,0,0,1,0,0,0,0,0,0,0,0,0,0,0,0,0,0,0,0,0,0,0,0,0,0,0,0,0,0,0,0,0,0,0,0,0,0,0,0,0,0,0,3,0,0,0,0,0,0,0,0,0,0,1,0,0,0,0,0,0,0,0,0,0,0,0,0,0,0,0,0,0,0,0,0,0,0,0,0,0,0,0,0,0,0,0,0,0
milliond.igg.txt,3,3,5,3,0,0,2,0,0,1,3,2,3,0,3,0,1,0,0,1,0,0,0,0,0,0,0,1,0,7,0,0,0,0,0,0,0,1,1,0,2,2,0,1,0,0,0,0,0,0,1,4,8,0,2,0,0,0,0,2,0,0,1,0,0,0,0,1,0,1,0,0,1,0,1,0,0,0,1,0,0,0,0,1,0,0,0,0,0,1,0,0,0,0,0,0,0,1,0,0,0,0,0,0,0,0,0,0,1,0,0,1,1,0,0,0,0,0,1,0,1,0,0,0,0,0,0,1,0,0,0,0,0,0,0,2,0,0,0,0,0,0,0,0,0,0,8,0,2,0,0,0,0,0,0,0,0,1,0,0,0,0,0,0,0,0,2,0,0,0,0,0,1,0,0,1,0,0,0,0,4,0,0,0,0,0,0,0,0,1,1,0,0,0,2,0,0
somewher.jyz.txt,5,1,0,0,0,2,0,0,2,3,0,0,3,1,3,0,1,0,2,0,0,0,1,0,0,0,0,2,0,0,0,0,0,0,1,0,0,0,0,0,1,0,1,0,0,3,0,1,0,0,2,0,0,1,1,0,0,1,4,0,0,0,1,0,0,1,0,0,2,0,1,21,1,1,0,12,0,0,0,0,0,0,0,1,0,0,0,0,0,0,0,0,0,0,0,0,0,0,1,0,0,0,0,0,0,0,0,2,0,0,0,0,0,0,0,0,0,0,0,0,1,0,1,1,0,0,0,0,0,0,0,0,0,0,0,1,0,0,0,0,0,0,0,0,0,0,5,0,0,0,0,0,0,0,0,0,2,0,0,0,0,0,0,0,1,0,0,1,0,0,0,0,0,0,0,0,0,0,0,0,0,0,0,0,0,0,0,0,0,0,0,0,1,0,0,0,0
these_things_happen.ezy.txt,2,3,6,0,0,4,0,0,0,0,1,4,1,2,1,0,2,1,1,1,2,3,3,0,0,1,0,0,2,1,0,0,0,0,0,1,1,1,3,0,0,0,0,0,1,1,3,0,1,0,1,1,0,0,0,0,0,0,0,0,0,0,0,0,2,1,0,0,0,2,0,0,0,1,1,0,1,0,0,0,0,0,0,0,1,0,0,0,0,0,0,0,0,1,0,0,0,2,0,0,0,2,0,0,0,0,0,0,1,1,1,0,0,1,0,0,1,0,0,0,0,1,0,1,0,0,1,0,0,0,2,1,1,0,0,0,0,0,0,1,0,0,0,0,0,0,1,0,1,0,1,1,0,0,0,0,0,0,0,1,0,0,0,1,3,1,0,0,1,1,0,0,0,0,0,1,0,0,0,0,0,0,0,0,0,0,0,0,0,0,0,0,1,0,0,0,0
jumpman.drk.txt,4,7,1,1,4,2,3,0,0,0,2,1,1,0,2,0,0,0,1,1,2,0,1,0,2,0,0,1,0,1,1,0,0,1,0,0,0,2,0,2,2,3,0,0,0,0,1,0,0,0,3,1,0,0,0,0,0,0,0,0,0,0,0,0,1,0,0,0,0,1,0,0,0,0,0,0,0,0,0,1,0,0,10,2,0,1,0,0,2,0,0,0,0,2,0,0,0,0,0,0,0,0,0,0,1,0,0,0,0,0,0,0,0,0,0,0,1,0,0,0,0,0,0,0,0,0,0,1,0,0,0,0,0,0,1,0,0,0,0,1,0,0,0,1,0,0,0,0,1,0,1,0,0,0,0,0,0,0,2,1,0,0,0,0,0,1,0,0,0,0,0,0,0,2,0,0,1,0,1,0,0,0,1,0,0,0,0,0,1,0,0,0,0,0,0,0,0
marilyn.ezy.txt,1,4,4,0,0,3,3,1,0,0,1,0,1,0,0,4,3,1,0,0,2,2,2,0,0,0,3,1,0,0,0,0,4,4,0,3,1,0,1,1,0,0,0,0,0,0,0,0,0,0,0,4,0,0,0,0,0,0,0,2,0,1,0,0,0,0,0,0,0,0,0,0,0,0,4,3,0,0,0,1,0,0,0,0,0,2,0,0,0,0,0,1,0,0,0,0,0,0,0,1,1,3,0,0,1,0,1,1,0,1,4,0,0,0,1,0,0,1,0,0,1,0,4,0,0,1,0,0,0,0,0,0,0,0,0,0,1,0,0,0,0,0,0,0,1,0,0,1,0,0,0,1,0,0,2,0,0,0,0,0,2,0,0,0,0,0,0,0,0,0,0,0,0,0,0,0,0,0,0,0,0,0,0,0,1,1,0,0,0,0,0,0,0,0,1,0,0
heartbt.gam.txt,10,5,0,2,2,4,8,2,1,2,0,5,0,2,0,0,5,2,0,4,5,0,1,2,1,0,1,5,1,0,1,3,1,0,1,0,0,0,0,0,1,1,0,4,1,0,0,1,2,0,1,0,0,0,0,1,0,0,2,0,0,1,1,0,1,4,1,0,0,0,0,0,0,0,0,1,0,0,0,1,0,1,1,0,0,0,0,1,2,0,2,3,0,0,1,0,0,0,0,0,0,0,1,1,1,1,0,1,2,1,0,1,0,1,0,0,0,0,0,0,1,0,0,0,0,3,0,1,1,0,0,0,0,0,0,0,0,0,0,0,1,0,0,0,1,0,0,0,0,0,0,0,0,2,1,0,0,2,0,0,0,1,0,0,0,0,0,0,0,1,1,1,0,0,0,0,0,0,0,0,0,0,0,0,1,0,1,0,1,0,1,0,0,0,0,0,0
outside.gam.txt,4,4,3,2,3,0,2,6,0,3,0,2,0,3,1,1,3,1,2,2,0,0,1,1,0,1,1,0,5,0,2,0,0,4,0,0,1,1,0,3,1,5,0,0,1,3,1,2,0,0,0,0,3,2,0,0,0,2,1,0,0,0,2,0,1,0,0,1,0,0,1,0,0,2,1,0,0,0,0,2,0,1,1,0,0,0,2,1,1,0,0,2,0,0,1,0,0,0,1,0,0,0,0,1,0,0,0,1,0,1,0,0,0,0,1,0,1,0,0,0,0,0,0,0,0,0,0,0,0,0,2,0,0,0,0,0,0,0,0,0,2,0,1,0,0,0,0,0,0,0,0,0,0,0,0,1,0,0,0,0,0,0,1,0,0,0,0,0,0,0,0,0,0,0,0,0,0,0,0,0,0,0,0,0,0,0,0,0,1,0,0,0,0,2,0,0,0
brain.ctr.txt,10,2,2,0,1,2,1,1,5,1,0,1,0,0,0,0,0,0,0,0,0,1,0,1,0,2,0,0,2,1,0,0,0,0,0,2,0,0,1,1,0,0,0,0,0,0,0,0,0,0,2,1,0,0,1,0,0,0,0,0,2,0,0,1,0,0,0,1,1,0,0,0,0,0,0,0,0,0,0,1,0,0,0,0,0,1,0,2,1,0,0,0,1,1,0,0,0,0,0,0,0,0,1,0,0,0,0,0,0,0,0,0,1,0,0,0,1,0,0,0,0,0,0,0,0,0,2,1,0,0,0,0,0,1,0,1,0,0,2,0,0,0,0,0,1,0,0,0,0,0,0,0,0,0,0,0,0,0,0,0,0,0,0,0,1,0,0,0,0,0,3,0,0,0,1,0,0,0,0,0,2,0,0,1,0,0,0,0,0,0,0,1,0,0,0,0,0
mad.ezy.txt,4,2,0,1,1,0,5,0,0,1,0,3,1,0,1,2,1,0,2,0,0,4,1,0,2,0,0,0,0,2,0,1,0,0,0,1,0,1,0,1,0,0,1,1,1,0,1,0,0,0,0,1,0,0,0,0,1,1,0,1,0,0,0,0,0,0,0,1,1,0,1,0,0,0,0,0,0,0,0,0,1,0,0,0,0,1,0,0,0,0,0,1,1,0,0,1,0,0,0,0,0,0,2,0,0,0,0,0,0,0,1,0,0,0,0,0,0,0,0,0,0,0,0,0,0,0,0,0,0,0,1,1,0,1,0,0,1,0,0,0,1,0,0,0,0,0,0,0,0,0,3,0,0,1,0,0,0,1,0,0,0,0,0,0,0,0,0,0,0,1,0,0,0,0,0,2,1,0,0,0,0,0,0,0,0,0,0,1,0,0,0,0,1,0,0,0,0
jstaskin.igg.txt,4,2,0,3,1,0,3,1,0,2,0,0,0,0,1,0,2,0,0,1,1,0,1,0,0,2,0,0,0,1,1,1,0,0,1,1,2,0,0,0,0,2,0,0,0,1,0,0,1,0,0,0,1,0,0,0,0,0,4,0,0,0,2,0,1,0,0,0,0,0,0,0,0,0,0,0,0,0,1,0,0,0,1,0,0,0,0,0,0,0,0,0,0,0,0,0,0,0,0,1,0,0,0,1,0,0,0,0,1,1,0,1,1,0,0,0,0,0,0,0,0,0,0,0,1,0,0,0,0,0,0,0,0,0,0,0,0,0,0,0,0,0,0,0,0,0,0,0,0,0,0,0,0,0,0,0,0,0,0,0,0,1,0,0,0,0,0,0,0,0,0,0,0,0,0,0,0,0,0,0,0,0,0,1,0,0,0,0,0,0,0,0,0,0,0,0,0
Best_I_Ever_Had.drk.txt,2,4,7,3,3,0,7,1,3,7,1,0,1,5,4,2,6,7,1,10,3,0,5,19,0,0,6,0,0,0,0,0,3,4,0,9,0,1,2,2,2,1,3,3,1,0,0,1,3,0,0,0,0,0,0,1,0,0,0,0,0,0,0,2,2,3,0,7,1,3,2,0,0,0,6,1,22,0,0,0,0,0,0,0,0,1,0,0,1,0,0,0,0,4,1,0,1,1,0,0,0,0,0,0,0,0,0,0,0,0,1,0,0,0,0,0,1,4,0,0,0,0,1,1,0,32,2,0,0,0,0,0,0,0,0,2,0,0,1,0,0,0,0,0,0,0,0,0,0,0,0,1,0,0,0,0,0,0,0,3,3,0,0,0,0,0,1,0,0,0,0,2,0,0,0,0,0,0,0,0,0,0,0,0,3,0,1,0,0,0,3,0,0,0,0,0,0
rolex.igg.txt,2,5,5,2,3,0,2,1,0,0,0,1,2,4,1,5,1,1,3,4,0,3,0,0,4,0,10,0,5,1,0,0,1,4,0,1,0,1,0,1,1,0,0,1,0,1,0,3,2,1,0,4,1,0,0,0,0,0,0,0,0,0,0,1,0,2,0,0,0,1,0,0,0,0,1,0,0,0,0,0,0,0,0,0,0,0,0,0,0,0,0,0,0,0,0,0,0,0,0,0,0,0,1,0,0,1,0,0,1,0,0,1,4,0,0,0,0,0,0,0,1,0,0,0,0,0,0,1,0,0,0,0,0,0,0,1,2,0,0,1,0,1,1,0,0,0,0,0,0,0,0,1,1,0,0,0,0,0,0,0,0,2,1,0,0,0,0,0,0,0,0,1,0,0,0,0,0,0,0,0,0,0,2,0,0,0,0,0,1,0,0,0,0,0,2,0,0
already.jyz.txt,19,2,2,3,9,3,6,4,7,3,1,4,2,1,2,0,14,0,0,1,0,0,1,0,1,1,1,0,0,2,0,3,0,0,0,0,1,0,0,0,0,1,0,0,0,0,0,1,0,3,2,0,0,0,1,1,0,1,0,2,0,0,0,1,1,1,0,0,0,0,1,0,0,0,0,0,0,0,0,0,0,0,1,1,2,0,0,0,0,0,0,0,0,0,0,0,1,0,1,0,0,1,0,0,0,0,0,1,0,0,0,0,0,0,0,0,0,0,2,2,0,0,0,2,1,0,0,0,0,1,0,0,1,0,0,0,0,0,0,0,0,0,0,0,0,0,0,0,0,0,1,0,0,0,1,0,0,0,0,0,5,0,0,0,0,0,0,0,1,0,0,1,0,0,1,0,0,0,1,0,0,0,2,0,0,0,0,0,0,0,1,0,22,0,1,0,0
sad_boy.ezy.txt,4,7,5,5,3,2,2,1,0,2,2,2,1,0,1,0,0,2,0,0,1,0,0,0,0,5,0,1,0,0,2,0,0,0,0,1,1,0,1,2,1,0,1,0,2,1,0,2,0,0,1,1,0,0,0,1,0,0,1,0,3,0,2,0,1,0,0,1,0,0,0,0,0,0,3,0,1,0,1,1,0,0,1,0,0,1,0,0,0,0,1,1,0,0,0,0,2,1,0,1,1,0,2,0,1,0,0,0,0,0,1,1,0,2,0,1,0,0,0,3,0,2,0,0,0,0,0,0,0,2,0,1,2,0,1,1,1,0,0,1,0,2,0,0,1,0,0,0,0,0,0,0,1,0,0,1,0,0,0,0,0,0,0,1,1,0,0,3,0,1,1,0,0,0,0,0,0,0,0,2,0,0,0,0,0,2,0,0,0,0,0,0,0,0,1,0,0
sweatpnt.gam.txt,7,6,0,9,3,3,3,0,6,7,0,0,1,2,3,0,0,1,0,1,2,0,1,0,0,3,0,0,0,1,3,0,0,0,0,0,2,0,1,0,1,3,1,2,1,1,0,0,1,1,0,1,0,0,0,1,0,1,0,0,2,2,0,0,0,0,0,0,1,1,0,0,0,0,0,0,0,0,0,0,0,0,1,1,0,0,2,0,0,1,1,0,1,0,1,0,0,0,2,0,0,0,0,1,0,0,0,0,1,0,0,0,0,0,0,0,0,0,1,0,0,0,0,0,0,0,1,1,0,1,0,0,0,0,0,1,0,0,0,0,1,0,0,0,0,0,1,0,0,1,0,0,0,0,0,2,0,1,0,0,0,0,2,1,0,1,0,0,0,0,0,0,0,0,0,0,0,0,0,0,0,0,0,4,1,0,0,0,0,0,1,0,0,0,0,0,0
runaway.wst.txt,6,2,2,2,3,0,5,2,1,1,1,1,1,2,1,0,0,0,1,0,1,5,4,0,0,2,1,1,1,0,1,3,0,7,3,3,4,2,0,1,0,1,0,0,0,1,0,1,0,0,1,0,0,0,2,0,0,0,0,1,1,0,0,0,0,0,0,4,3,1,0,0,0,0,2,0,0,0,13,0,0,0,0,0,0,0,0,0,0,0,0,0,0,0,0,0,0,0,0,0,0,0,0,0,0,0,0,0,0,0,3,0,0,0,0,0,1,0,2,0,0,1,0,0,0,0,0,0,1,0,0,0,0,0,1,0,0,0,0,1,1,0,3,0,4,0,0,0,0,0,0,0,1,0,0,0,0,0,0,2,0,0,0,0,0,0,0,0,0,2,0,0,0,0,0,0,0,1,1,0,0,0,0,0,0,13,0,0,0,0,0,0,0,0,0,1,0
keepdaos.tye.txt,4,0,0,7,2,3,6,1,10,0,1,3,2,1,3,0,6,0,1,0,1,0,1,0,1,1,1,0,0,0,0,0,0,0,0,0,1,0,0,0,1,0,0,0,0,0,11,0,0,1,0,0,0,0,0,0,1,0,1,0,0,0,0,0,1,1,0,0,0,0,3,0,0,1,0,0,0,0,0,0,1,0,0,1,0,0,0,0,0,0,0,0,0,0,0,0,1,0,0,0,0,0,0,0,0,0,0,0,0,0,0,0,0,0,0,0,0,1,0,0,0,0,0,0,0,0,0,1,0,0,0,0,0,0,1,0,0,0,0,0,0,0,0,0,5,0,0,0,0,0,0,0,0,1,0,0,0,0,0,2,0,0,0,0,0,0,0,0,0,0,0,0,0,0,0,1,0,0,0,0,0,0,0,0,0,0,0,0,0,0,0,0,1,0,0,0,0
crawl.gam.txt,5,5,0,2,1,0,0,0,3,4,0,0,0,0,2,1,0,0,1,1,1,0,0,0,0,0,1,1,0,0,1,1,0,0,0,0,3,0,0,0,2,0,0,0,0,1,0,0,0,1,0,1,0,2,0,0,0,0,0,0,0,0,0,2,0,3,0,0,0,0,3,0,0,0,0,0,0,0,0,0,0,0,0,0,0,0,0,0,0,0,0,0,0,0,0,0,0,0,1,0,0,0,0,0,0,0,0,0,0,0,0,0,0,0,0,0,0,0,0,0,0,0,0,1,0,0,0,0,0,0,0,0,0,0,0,0,0,0,1,0,1,0,0,0,0,0,0,0,0,0,0,0,0,0,0,2,2,0,0,0,0,0,0,0,0,0,0,0,0,0,1,1,1,0,0,0,0,0,0,1,0,1,0,0,1,0,0,0,0,0,0,0,0,0,0,0,0
youngfor.jyz.txt,4,1,3,0,2,0,3,3,1,2,0,1,0,2,1,1,2,0,0,1,1,9,5,0,0,0,1,0,2,0,2,1,0,2,1,0,0,0,2,0,0,0,1,0,0,0,0,0,0,0,0,0,0,0,0,2,4,0,0,1,1,0,0,0,0,0,1,1,0,3,0,1,0,2,0,0,2,0,1,0,1,0,0,0,0,0,0,0,0,0,0,0,1,1,0,0,0,1,0,1,0,0,0,0,0,0,1,0,0,0,3,0,0,0,0,0,12,0,0,1,0,0,1,1,0,2,1,0,0,2,0,0,0,0,1,0,0,0,0,1,0,0,1,0,0,0,1,0,0,0,0,1,1,0,0,0,1,0,0,0,0,1,0,2,0,0,0,0,0,0,1,0,0,0,0,0,0,0,0,1,0,0,0,0,2,0,0,0,0,0,0,0,0,0,0,0,0
6_man.drk.txt,25,8,1,3,3,1,5,6,1,0,0,3,1,1,0,0,0,0,2,0,1,0,1,4,1,1,0,0,0,0,1,0,0,2,0,0,1,0,0,0,0,0,0,0,0,0,0,10,0,0,0,0,0,0,0,0,0,0,1,0,0,0,0,0,0,1,0,1,0,0,1,0,0,0,0,0,0,0,1,8,0,0,0,0,1,1,0,1,0,0,0,0,0,0,1,1,0,1,0,0,4,0,0,0,0,2,0,0,0,1,0,0,0,0,0,0,5,0,0,0,1,0,0,0,0,0,0,0,0,0,0,1,0,0,0,0,0,0,0,0,0,0,0,0,0,0,4,0,0,0,0,0,0,0,0,0,1,0,1,0,0,1,0,0,2,0,0,0,0,0,0,0,0,0,0,0,2,0,0,0,0,0,0,0,0,0,1,0,0,0,0,0,0,0,0,0,0
blackerb.ken.txt,15,7,4,1,10,3,5,0,4,3,1,1,3,3,0,1,4,1,1,4,0,0,1,2,3,2,0,0,1,5,1,1,0,1,0,0,0,1,0,0,0,0,0,2,3,0,0,0,0,1,2,1,0,26,1,0,1,0,0,0,0,0,3,1,1,0,0,1,0,2,0,0,1,0,2,0,0,0,0,0,0,1,0,1,1,0,0,0,1,0,2,0,1,0,0,0,0,1,1,1,0,1,0,8,0,4,0,0,0,1,0,0,0,0,0,0,0,4,0,0,2,1,0,0,0,0,0,0,1,1,0,0,0,0,2,0,0,0,0,0,0,0,0,2,0,0,0,2,0,0,0,0,0,0,0,0,0,0,0,0,0,0,1,0,1,0,0,0,0,1,1,0,2,0,1,0,0,0,0,0,0,0,1,0,0,0,1,0,1,1,0,1,0,0,0,0,0
just_believe.ezy.txt,6,1,4,2,1,1,2,3,0,2,0,1,3,1,1,0,0,0,0,0,2,0,3,0,0,2,0,0,4,2,0,1,0,0,1,2,1,1,1,1,0,0,0,1,1,1,1,1,1,0,1,0,0,0,0,0,0,0,0,1,1,1,0,0,0,0,0,2,0,2,0,0,0,0,0,0,1,0,0,0,0,0,0,0,0,1,0,0,0,0,0,0,0,0,0,1,0,0,1,0,0,4,1,0,0,0,1,0,1,1,1,0,0,0,0,0,1,0,0,0,1,0,0,0,0,1,0,0,0,0,2,2,0,0,1,0,0,0,0,1,0,1,1,0,0,0,0,0,0,1,1,1,0,0,1,1,0,0,0,0,0,1,0,2,0,0,1,0,0,0,0,1,0,0,0,0,0,1,0,0,0,0,0,0,0,0,1,0,0,0,0,0,0,0,0,0,0
HYFR.drk.txt,3,6,7,0,1,7,0,4,3,1,2,2,1,0,19,5,1,1,0,4,3,0,3,10,0,0,2,0,0,1,0,0,21,0,0,1,0,0,0,3,2,1,2,0,1,2,2,1,0,0,0,0,0,0,0,0,0,0,0,1,0,1,1,0,1,0,0,0,1,2,0,0,2,0,0,0,2,0,0,1,0,0,0,1,0,5,0,0,0,0,2,0,0,0,0,0,0,0,0,0,0,0,1,1,0,0,0,1,0,0,0,0,4,0,0,0,0,0,0,0,0,0,1,1,0,0,0,0,0,0,0,0,0,0,2,3,0,0,0,0,1,19,0,1,0,0,0,0,0,0,0,1,0,1,0,0,0,0,0,0,0,0,0,0,0,0,0,0,0,0,0,0,0,0,0,0,0,0,0,0,0,0,0,1,2,0,0,0,0,0,0,1,0,0,0,0,0
sandwit.tye.txt,11,4,3,2,3,11,1,6,4,4,8,0,0,2,0,1,1,2,1,1,0,2,1,15,1,0,0,2,1,0,0,0,1,2,1,1,0,1,1,1,0,0,1,0,0,0,0,0,1,1,1,0,0,0,2,1,1,0,0,0,0,0,1,1,1,0,1,0,0,0,1,0,0,0,0,0,2,2,0,0,0,0,0,0,5,2,4,0,0,0,0,0,0,1,0,0,2,0,0,0,2,0,0,0,2,1,0,0,0,2,0,0,0,0,0,0,0,0,0,0,0,0,0,0,0,0,1,0,4,0,0,0,0,0,0,1,0,0,0,0,0,0,0,0,0,0,0,0,0,0,1,0,0,0,0,0,0,0,0,1,1,0,0,0,0,0,0,0,0,0,0,0,27,0,1,0,0,0,0,1,0,27,0,0,0,0,0,0,0,1,0,0,0,0,0,0,0
kids.gam.txt,5,6,0,1,2,1,1,2,0,2,1,0,3,1,0,0,4,1,1,1,5,0,1,1,0,2,0,1,2,1,3,0,0,0,0,1,0,2,0,0,0,0,1,0,0,2,14,1,1,0,1,0,0,2,0,0,0,0,0,1,1,0,1,1,1,1,0,0,0,0,1,0,0,0,1,0,0,0,0,0,1,0,1,0,0,1,3,0,0,0,0,0,0,1,0,0,0,0,1,0,0,0,0,1,0,1,0,0,0,1,0,0,0,0,0,0,0,0,0,0,1,0,1,0,0,0,0,0,0,2,0,0,0,0,0,0,0,0,0,0,0,1,0,0,1,0,0,0,0,1,0,0,0,0,0,0,0,0,1,1,0,0,0,1,0,0,0,2,0,0,0,0,0,1,0,0,0,0,0,0,0,0,0,0,0,0,0,1,0,0,0,0,0,0,0,0,0
empire.jyz.txt,6,4,1,4,1,0,1,2,3,2,0,0,0,0,4,1,0,3,2,2,2,1,1,0,1,0,0,0,1,1,0,2,2,1,2,0,0,0,3,0,0,1,0,0,2,1,0,0,1,1,0,0,2,0,0,0,1,0,8,0,1,1,5,1,0,0,0,0,0,3,1,0,2,0,0,0,0,0,0,0,0,0,3,0,0,0,0,4,0,1,1,0,0,0,0,0,2,0,0,0,0,0,1,0,0,0,0,0,0,0,0,0,0,1,1,0,0,3,0,0,0,1,0,0,0,0,0,1,0,0,2,0,2,0,0,0,1,0,0,0,0,0,0,1,0,0,1,0,6,0,0,0,0,0,1,0,0,1,0,0,1,0,0,0,0,0,0,1,0,0,0,0,1,0,0,0,0,2,0,0,0,0,0,2,0,0,0,0,0,0,0,1,0,0,1,0,0
unsong06.ken.txt,6,2,0,0,6,0,6,0,0,0,0,0,2,1,0,1,1,1,0,0,1,2,0,0,1,1,2,0,1,0,2,0,0,2,0,1,4,0,0,3,0,0,0,0,0,0,0,0,1,0,1,0,0,0,0,0,1,5,0,1,0,0,0,0,0,0,0,1,0,0,0,0,0,0,0,0,1,1,0,0,0,0,0,0,0,1,1,0,2,0,0,3,0,0,0,0,0,1,0,0,0,0,0,0,0,1,0,0,0,0,1,1,0,0,0,1,0,0,0,0,0,0,0,0,0,0,1,1,0,0,0,0,0,0,0,0,0,0,0,0,0,0,0,0,0,0,0,0,0,0,0,0,1,0,1,0,0,0,0,0,0,0,0,0,0,0,0,0,0,0,0,0,0,0,0,0,0,0,0,0,0,0,0,0,0,1,0,0,0,0,0,0,0,2,0,0,0
homecome.wst.txt,12,8,0,5,2,0,5,0,0,0,0,1,0,5,1,1,0,2,2,1,1,0,4,0,0,0,0,2,0,0,1,1,0,2,0,0,0,0,0,8,0,3,0,0,0,1,2,0,0,0,0,4,0,0,3,1,0,0,1,2,0,0,0,0,0,0,2,1,0,0,0,0,0,3,0,0,0,0,0,0,0,0,0,0,0,2,1,0,0,0,3,1,0,1,0,0,17,2,0,0,18,0,0,0,0,0,0,0,0,0,3,0,0,1,0,0,0,0,0,0,0,0,1,0,0,0,0,0,0,1,1,0,1,0,1,0,0,0,0,0,1,0,1,0,0,0,0,0,3,0,0,0,0,0,1,0,1,1,0,0,1,0,0,1,0,0,0,1,0,0,1,0,1,15,0,2,0,0,0,0,0,0,0,0,0,0,1,0,1,0,0,0,0,0,0,0,0
wetalkin.jyz.txt,8,0,4,2,6,0,3,2,0,14,0,0,2,3,2,0,1,0,3,6,0,3,0,0,0,0,2,3,0,0,0,2,0,0,0,3,0,2,1,1,0,2,1,2,0,2,3,0,0,2,0,0,0,2,35,0,0,0,0,7,0,1,3,0,0,0,0,0,0,1,0,0,0,31,0,0,0,0,5,0,0,1,1,0,0,1,0,0,0,0,0,0,0,1,0,0,0,0,1,0,0,2,0,0,0,0,0,0,0,1,0,0,0,3,1,1,0,0,0,0,0,0,0,0,0,1,0,0,0,0,1,0,1,1,0,0,0,0,0,0,0,0,0,0,0,0,2,4,0,0,0,0,0,0,0,1,0,2,0,0,0,0,0,0,0,0,0,0,0,0,0,0,0,0,0,0,0,0,1,0,0,0,0,0,1,0,0,1,1,0,0,0,0,0,1,0,0
jayzblue.jyz.txt,6,5,4,3,5,4,2,1,1,3,0,0,0,0,0,2,2,0,2,1,0,2,1,1,4,0,3,0,1,0,3,1,1,5,0,2,0,3,4,0,0,0,0,0,0,1,0,2,1,2,0,1,0,0,0,0,0,0,0,0,1,0,0,0,0,1,0,1,0,0,0,4,1,0,1,1,1,0,0,0,0,0,0,1,0,0,0,0,0,0,0,1,0,1,0,0,0,0,0,0,3,0,0,1,0,0,0,0,0,2,0,1,0,0,1,4,0,0,0,0,0,0,0,0,0,0,0,0,0,0,1,0,0,1,3,0,0,0,0,0,1,0,2,0,0,0,0,1,0,0,0,0,0,3,0,0,2,0,1,0,0,3,1,0,0,0,2,0,0,1,1,0,0,0,0,0,0,0,1,0,0,0,2,0,0,0,0,0,0,0,2,0,1,0,0,0,0
kngkunta.ken.txt,3,1,0,8,2,2,0,2,1,2,4,2,1,0,2,0,11,0,1,1,0,0,0,0,1,2,2,0,0,1,4,0,0,1,0,0,0,4,1,0,0,0,1,0,0,0,0,0,4,1,0,0,5,2,0,0,1,0,0,0,1,0,1,1,0,0,0,0,0,0,0,0,0,4,0,0,0,0,5,0,0,1,0,4,1,0,0,0,1,0,0,0,4,0,1,0,0,0,0,1,1,0,0,0,0,0,1,0,0,0,0,0,0,0,1,0,0,0,0,0,0,1,1,0,0,0,0,0,0,0,0,0,6,0,0,0,0,0,0,0,0,0,0,0,0,0,1,0,1,1,0,0,0,0,0,0,0,4,1,0,0,0,0,0,0,0,1,0,2,0,0,0,0,0,0,0,0,0,0,0,0,0,0,0,0,0,0,0,1,0,1,0,0,0,0,0,0
pussy.igg.txt,1,3,2,1,0,0,1,0,0,1,1,0,0,1,0,0,0,1,2,0,0,0,2,0,1,0,0,0,0,0,1,0,5,1,0,0,0,0,0,1,0,3,0,0,0,0,0,0,1,0,0,0,1,0,0,0,0,0,0,0,0,3,0,0,1,0,0,0,3,0,0,0,0,0,0,0,0,0,1,0,1,3,1,0,0,0,0,0,0,1,0,0,0,0,0,0,0,0,0,0,0,0,1,0,0,0,1,0,1,0,0,0,0,0,0,0,0,0,0,0,0,0,0,1,0,0,0,0,0,0,0,0,0,1,1,0,1,0,0,0,0,0,0,0,0,0,0,0,0,0,0,0,1,0,0,0,0,0,0,0,0,0,0,0,0,0,0,0,0,0,0,0,0,0,0,0,0,0,0,1,0,0,0,0,0,0,0,0,2,0,0,0,0,0,0,0,0
Headlines.drk.txt,4,9,2,5,5,3,33,3,1,2,0,1,1,3,5,0,1,3,2,3,1,0,0,0,1,0,2,1,1,2,2,1,0,0,1,0,0,1,0,1,3,0,5,2,1,2,0,0,1,0,1,0,0,0,1,1,0,1,1,0,0,1,0,0,0,1,0,1,0,1,3,0,0,0,1,0,0,0,0,1,0,0,0,0,1,0,0,0,0,0,1,1,0,0,0,0,0,0,0,0,0,0,0,0,2,0,1,0,1,0,0,0,0,0,0,0,0,0,0,1,1,0,0,0,0,0,0,0,0,0,0,0,0,1,0,1,0,0,0,0,0,0,1,0,0,0,1,0,0,1,0,0,1,0,0,0,1,1,0,0,2,0,0,0,0,0,0,0,1,0,0,0,0,0,0,0,0,1,0,0,0,0,0,0,0,0,0,0,0,0,0,0,0,0,0,0,0
youseeme.gam.txt,10,7,2,6,4,2,4,7,5,2,1,1,3,2,2,2,0,0,2,2,3,0,1,0,1,5,0,0,0,0,2,0,1,0,0,0,0,1,0,0,0,0,0,0,0,1,0,0,1,1,1,0,0,4,0,1,1,1,1,1,2,0,0,0,1,0,3,1,0,0,0,0,0,0,0,0,0,0,0,0,1,0,1,0,1,1,0,0,1,0,0,0,0,0,1,1,0,0,1,0,0,1,1,0,0,0,0,0,0,0,1,2,0,0,2,0,0,0,0,2,0,0,0,0,0,0,0,0,0,0,0,0,0,0,0,0,0,0,0,1,1,0,0,0,0,0,0,0,0,0,0,1,0,0,0,0,0,1,0,3,1,0,1,0,0,0,0,1,0,0,0,0,0,0,0,0,0,0,0,0,0,0,0,1,0,0,0,0,0,0,0,0,0,0,0,0,0
you.igg.txt,2,13,1,4,4,1,4,0,3,0,0,1,0,0,1,2,1,2,0,0,4,3,1,0,7,0,1,1,0,1,2,0,0,1,0,1,0,1,1,0,0,1,0,0,0,0,1,0,0,0,0,0,1,0,0,0,0,1,4,1,0,2,0,2,1,1,0,0,4,0,0,0,0,0,0,0,0,0,0,0,0,0,0,0,0,0,0,0,0,0,1,0,0,1,0,0,0,1,0,0,0,0,0,0,0,0,0,0,0,0,0,0,0,0,1,0,0,0,1,0,1,1,0,0,1,1,1,3,0,1,0,0,0,0,0,0,0,0,0,0,0,0,0,0,0,0,0,0,0,1,0,0,0,0,0,0,0,0,0,0,0,0,0,0,0,0,0,1,1,0,0,2,0,0,0,0,0,1,0,0,0,0,0,0,0,0,1,1,1,0,0,0,0,0,0,0,0
imposs.igg.txt,1,2,1,1,6,0,0,0,0,0,0,0,9,0,0,1,2,0,0,0,1,2,6,0,0,1,0,0,0,0,0,6,0,0,0,0,0,1,0,0,0,0,13,0,0,0,13,0,0,0,0,0,7,0,0,0,0,0,0,0,1,1,0,0,0,0,0,0,0,3,0,0,0,0,0,0,0,0,0,0,0,0,0,1,0,0,0,0,1,0,0,1,0,1,0,0,0,0,0,0,0,0,0,1,0,0,0,0,0,0,0,0,0,0,0,0,3,0,0,1,0,2,2,1,0,0,0,0,0,0,0,1,0,0,0,0,1,0,0,0,0,0,2,0,0,0,0,0,0,0,0,1,0,0,0,0,0,0,0,0,1,0,0,0,0,0,0,0,0,0,0,0,0,0,0,0,0,1,0,0,0,0,0,0,0,0,1,0,0,0,0,0,0,0,9,0,0
newslave.wst.txt,5,1,3,0,1,9,7,3,3,2,0,1,10,0,0,0,3,1,0,1,0,0,0,0,0,0,2,1,2,0,0,0,0,0,0,0,0,0,0,0,0,1,0,0,0,0,0,0,0,6,0,0,1,1,5,0,2,0,8,0,0,0,1,0,0,0,7,0,0,0,0,0,4,0,0,0,0,0,0,0,0,0,0,1,0,0,0,0,0,4,0,0,0,0,0,0,0,0,0,0,3,2,0,1,0,0,0,1,1,0,0,0,0,0,0,0,0,0,0,0,0,0,0,0,0,0,0,0,2,0,0,0,0,1,0,0,1,0,0,2,0,0,5,1,0,0,0,0,0,0,1,0,0,0,0,0,0,0,0,0,0,1,0,0,0,1,0,0,0,0,0,1,0,0,0,0,0,3,0,0,0,0,0,0,0,0,1,1,0,0,0,0,0,1,0,1,0
Back_to_Back.drk.txt,7,2,1,4,3,1,2,4,11,3,1,2,1,1,8,1,1,6,22,0,1,1,1,2,2,5,0,1,0,3,3,1,0,0,0,0,1,0,0,2,0,4,2,1,0,1,0,0,1,4,1,0,2,0,0,1,0,4,0,0,2,2,1,0,0,0,0,1,0,0,3,0,0,1,0,0,2,0,0,0,0,0,1,6,0,1,0,0,0,0,0,0,0,2,1,0,0,1,0,0,3,0,0,0,0,1,0,1,2,0,0,0,0,1,1,0,0,0,0,1,1,0,0,0,0,0,0,0,0,0,0,1,0,6,0,2,0,0,0,0,0,0,0,0,0,0,0,0,1,0,4,0,0,0,0,0,0,1,2,0,0,0,0,0,0,0,0,0,0,0,0,0,0,0,1,0,0,0,1,0,0,0,2,0,0,0,0,0,1,0,0,0,0,0,0,0,0
blk_skin.wst.txt,19,4,1,0,1,2,6,9,0,7,6,4,2,2,0,0,0,0,1,2,0,0,0,0,0,1,0,2,0,0,0,0,0,3,0,0,0,0,0,1,0,0,0,0,0,0,3,0,0,0,2,0,0,7,2,0,0,0,0,0,0,0,0,0,0,0,4,1,1,0,0,0,0,0,0,0,0,11,0,0,2,0,0,1,1,0,1,0,0,2,0,0,1,1,0,3,1,0,1,0,0,0,0,0,0,1,0,0,0,0,0,0,0,0,0,0,0,0,1,2,0,0,0,0,0,0,1,0,0,0,0,0,0,0,0,0,0,0,0,0,0,0,0,1,0,0,0,0,0,0,0,0,0,0,0,0,0,0,1,0,0,0,1,0,1,0,0,0,0,0,0,1,0,0,0,0,0,0,0,0,0,1,0,0,0,0,0,4,0,0,0,0,0,0,0,0,0
run_this.jyz.txt,10,2,4,6,2,1,2,0,2,4,0,1,0,1,18,1,1,0,3,0,2,1,0,1,1,0,1,1,0,1,0,1,0,3,3,0,1,0,4,1,0,0,0,1,3,0,1,0,2,0,0,2,0,4,0,1,1,0,1,0,0,0,1,0,1,6,0,0,0,0,0,0,0,1,2,7,1,2,8,0,1,0,1,0,0,0,0,0,0,0,0,0,3,0,0,0,0,0,0,0,0,2,0,0,0,0,8,0,0,0,0,0,1,1,1,1,0,0,1,0,0,1,0,0,0,0,1,1,1,0,0,0,3,2,0,1,0,0,0,1,0,0,0,0,0,0,0,0,0,0,0,0,3,0,0,1,0,1,0,0,0,0,0,0,0,1,0,0,0,1,0,0,0,1,1,1,0,0,0,0,0,0,0,0,1,0,0,0,0,0,0,0,0,0,0,0,0
canttell.wst.txt,3,3,8,1,2,0,3,0,0,2,0,1,0,2,0,0,0,0,2,4,0,5,0,0,0,7,0,0,1,5,0,4,3,0,0,0,1,0,2,0,3,0,0,0,2,0,0,0,0,0,3,0,0,0,1,0,0,1,0,3,2,0,1,0,0,0,0,0,2,1,0,0,0,0,0,4,1,3,0,0,0,0,0,1,0,1,0,0,0,0,1,0,0,0,0,0,0,0,0,0,0,1,0,0,0,0,0,0,0,0,0,3,0,0,0,1,0,0,0,1,0,0,0,0,0,0,0,0,0,0,1,0,0,0,3,0,0,0,0,1,0,0,0,1,0,0,0,1,0,1,0,0,0,0,0,0,1,0,0,1,0,0,0,0,1,0,0,2,0,0,0,0,0,0,0,0,0,0,0,0,0,0,0,0,0,0,0,0,0,0,0,0,1,1,4,2,0
company.drk.txt,11,4,3,3,2,1,2,6,1,3,1,2,1,0,2,2,0,1,0,1,7,2,1,0,8,1,0,3,0,1,0,0,12,3,0,0,1,2,0,0,0,0,0,0,1,1,0,0,0,0,1,0,0,0,0,0,0,2,0,0,0,0,0,1,2,0,0,0,0,0,2,0,0,0,1,0,0,0,0,1,0,0,0,2,0,0,0,0,0,0,0,0,0,3,0,0,0,0,0,3,0,0,1,0,1,0,0,0,0,0,0,0,0,0,0,0,0,0,0,0,0,0,0,0,0,0,0,0,0,0,0,0,0,0,0,0,0,0,0,0,2,0,0,0,1,0,0,0,9,0,0,0,2,0,1,0,0,0,1,0,0,1,0,1,0,0,1,0,0,0,0,0,0,0,0,0,1,1,0,0,0,0,0,0,0,0,1,1,0,1,3,0,1,0,0,0,0
knowyour.drk.txt,6,3,4,1,5,1,15,12,6,1,0,9,0,0,7,0,3,0,2,1,1,0,0,0,0,5,1,0,0,0,2,0,0,0,0,0,1,2,1,1,2,0,0,1,0,0,0,0,0,1,2,0,0,0,0,0,1,0,0,0,0,0,0,1,0,1,0,0,3,1,0,0,0,1,0,0,0,0,0,0,0,1,2,0,0,0,0,0,1,0,0,0,0,0,0,1,0,0,0,0,0,0,0,0,0,0,0,0,0,0,2,0,0,0,0,0,0,1,1,0,1,0,0,1,0,0,0,0,0,1,0,0,0,0,0,0,0,0,0,1,0,0,0,0,2,0,0,0,1,0,0,0,0,0,0,0,0,0,0,0,0,0,0,0,0,0,0,0,0,0,0,0,0,0,0,0,0,0,0,0,0,0,0,0,0,0,0,0,0,0,0,0,0,0,0,0,0
crown.jyz.txt,1,3,3,0,0,1,1,5,2,0,2,0,3,0,2,1,1,2,0,2,0,1,3,0,0,3,2,2,0,0,0,1,0,1,1,1,0,1,0,0,0,0,0,0,0,0,3,0,0,1,0,1,0,0,2,0,1,0,1,0,1,1,2,1,0,1,8,0,0,1,0,0,0,0,0,3,1,3,0,0,0,0,0,2,0,0,0,0,0,1,0,0,0,1,2,0,0,0,0,0,2,1,0,0,0,0,0,1,0,1,2,1,0,0,0,0,0,0,0,0,0,0,0,1,0,2,0,0,0,1,0,0,0,0,0,1,0,0,0,0,0,0,0,0,0,0,4,0,0,0,0,0,0,0,0,0,0,0,1,0,0,1,0,0,0,0,0,0,0,0,0,0,0,1,0,0,0,0,1,0,0,0,0,0,0,0,0,0,2,3,0,1,2,0,0,0,0
305.drk.txt,7,0,66,3,8,3,2,4,1,0,0,4,0,0,0,0,0,1,3,0,3,2,0,0,0,2,0,1,1,1,0,1,4,5,0,0,0,1,1,0,1,1,0,2,0,0,0,1,0,1,0,0,0,0,1,0,1,2,0,1,0,0,0,0,1,0,0,1,0,2,0,0,0,0,0,0,5,0,1,3,0,0,0,0,0,0,0,0,0,0,0,0,0,0,2,0,0,0,0,0,0,0,0,0,0,0,0,0,0,0,0,2,1,0,0,0,0,0,1,0,0,0,0,4,0,2,0,0,0,0,0,0,0,0,0,0,0,0,0,0,0,0,0,0,0,0,0,0,4,0,0,1,0,0,0,0,0,0,0,1,0,0,0,0,0,0,0,0,0,1,0,0,0,0,1,0,0,0,0,0,0,0,1,0,0,0,0,0,0,0,0,0,0,1,0,0,0
0_to_100.drk.txt,14,6,2,4,5,6,3,18,18,7,1,5,3,4,3,1,1,5,0,1,0,0,1,2,2,5,0,0,3,2,2,1,0,0,0,0,0,0,0,0,1,7,2,16,4,1,2,3,0,0,2,2,0,0,2,3,1,4,0,0,1,2,0,0,1,0,0,1,0,0,2,0,1,2,0,0,0,0,4,4,0,2,6,2,1,1,0,0,0,0,0,0,6,1,0,1,0,2,0,1,0,0,0,0,1,3,0,0,0,1,1,0,3,1,0,0,0,1,1,0,0,0,0,0,0,0,0,0,0,2,0,2,0,0,0,2,0,0,1,0,0,0,1,0,1,0,0,2,0,0,0,0,0,0,0,1,0,2,1,0,0,1,3,0,0,0,0,0,0,1,0,0,0,1,2,0,0,0,0,0,0,0,1,0,0,0,0,0,1,0,0,1,2,0,0,1,0
ladykill.ezy.txt,13,7,1,2,10,1,4,0,0,2,1,3,1,4,0,0,5,1,0,0,3,2,1,2,0,3,0,0,1,1,2,0,0,0,0,2,2,2,0,0,1,0,1,0,0,0,0,0,1,0,0,0,0,0,0,1,0,1,0,0,0,1,0,1,0,1,0,0,0,0,0,0,0,1,0,0,1,0,0,0,0,0,0,0,1,0,0,0,1,1,1,1,0,0,1,0,0,1,0,0,1,0,0,0,0,0,0,0,0,1,1,0,0,0,0,1,0,0,0,0,1,0,0,0,0,0,0,0,0,0,0,0,0,1,0,0,0,0,0,0,1,0,2,0,0,0,1,0,1,1,0,0,0,0,0,0,0,0,0,0,1,0,0,0,0,0,1,0,0,0,0,0,0,0,0,0,0,0,0,2,0,0,0,0,0,1,0,0,0,0,0,0,0,0,0,0,0
bitch_lk.gam.txt,9,9,0,2,1,2,0,2,3,0,2,0,0,4,0,0,0,5,0,1,1,2,2,2,4,2,1,0,1,0,0,2,0,0,3,0,1,1,2,0,0,0,0,1,0,1,0,1,0,0,0,1,0,0,1,1,1,0,0,2,0,2,1,1,1,2,1,0,0,1,0,0,1,0,0,0,0,0,1,0,0,1,1,0,0,0,1,0,0,0,2,0,0,0,0,1,0,0,1,0,0,1,0,1,1,1,0,0,0,2,3,1,0,1,0,0,0,1,0,1,0,0,0,1,0,0,0,0,1,1,0,0,0,0,0,0,0,0,0,1,0,0,0,0,0,0,0,0,0,0,0,0,0,0,1,1,1,0,0,0,0,0,0,0,0,0,0,1,4,0,0,0,0,0,0,0,0,0,0,0,0,0,0,0,0,0,0,2,0,0,0,0,0,1,0,2,0
doa.jyz.txt,3,0,5,0,3,0,1,4,8,5,0,1,0,0,0,0,1,2,3,0,0,3,0,0,2,1,0,0,0,0,0,0,0,0,0,0,0,0,0,0,0,0,0,0,1,1,1,0,0,3,0,0,0,1,1,0,0,0,0,1,1,0,1,1,0,0,0,0,0,0,0,0,0,1,0,0,0,0,0,0,1,0,0,1,1,1,1,1,0,0,0,0,0,0,0,0,0,0,0,0,0,0,0,0,0,0,0,0,0,0,0,0,0,2,0,0,0,0,0,1,4,0,0,0,0,0,2,0,0,0,0,0,1,0,2,0,0,0,0,0,0,0,0,0,0,0,0,0,0,2,0,0,0,0,1,1,0,0,0,0,0,0,0,1,0,0,0,0,2,0,0,1,0,0,0,0,0,0,0,0,0,0,0,0,3,0,0,1,0,0,0,0,0,0,0,0,0
la_fam.jyz.txt,0,3,1,4,2,0,1,3,3,5,1,0,1,0,1,8,0,1,10,0,1,1,0,2,0,0,3,0,0,1,7,0,0,0,2,1,0,0,0,1,0,0,1,5,0,0,1,0,0,1,0,0,0,1,0,4,0,1,0,2,0,0,0,0,0,1,5,2,0,0,0,1,0,0,2,1,0,0,0,0,0,3,0,1,0,0,1,0,0,3,0,0,1,0,0,0,1,0,0,0,0,0,0,0,0,0,0,0,0,0,0,0,0,2,0,0,0,0,0,0,0,0,0,0,0,0,0,0,0,0,0,0,0,0,0,0,0,0,0,0,0,0,0,0,0,0,0,0,0,0,0,0,0,0,0,1,0,0,0,0,0,0,0,0,0,1,0,0,0,0,0,0,0,0,0,0,0,0,0,0,0,0,0,1,0,0,0,0,0,0,0,0,0,0,0,0,0
dropthat.igg.txt,2,3,0,10,4,0,1,4,0,1,6,4,3,0,1,0,3,2,0,0,3,0,0,0,0,1,0,0,0,0,1,1,2,1,0,0,0,1,0,1,2,0,0,1,0,0,1,1,1,0,0,0,0,0,0,0,2,0,0,1,0,0,0,1,0,0,0,0,0,0,1,2,0,0,0,0,0,0,1,1,5,0,0,0,0,0,0,1,0,0,0,0,0,0,0,0,0,1,1,2,0,1,1,0,0,2,0,0,0,0,0,0,3,0,0,1,0,1,0,1,0,0,0,11,0,0,0,0,0,0,0,0,0,1,0,0,0,0,0,0,0,0,2,0,0,0,0,0,0,0,0,0,0,0,0,0,0,0,0,1,0,0,0,0,0,0,1,0,0,0,0,0,0,0,0,0,1,0,0,0,0,0,0,0,0,0,0,0,0,0,0,0,0,0,0,0,0
make-up.ezy.txt,5,0,2,1,1,2,3,0,0,0,1,3,1,0,0,1,0,2,1,1,1,1,0,0,0,0,1,1,1,0,0,0,0,2,1,0,1,0,0,3,0,0,0,0,0,0,0,0,0,0,0,3,0,0,0,0,0,0,0,0,0,0,0,1,1,1,0,1,0,0,0,0,0,0,0,0,0,0,0,1,0,0,0,1,0,3,0,0,0,1,1,2,0,0,0,0,2,0,0,0,0,0,0,1,0,0,0,1,0,0,1,1,0,0,0,0,0,0,1,1,1,2,0,0,0,0,0,0,1,0,0,1,0,0,0,0,0,0,0,0,0,0,0,1,0,0,0,0,0,0,0,0,0,0,0,0,0,0,0,0,0,0,0,0,0,0,0,0,0,0,0,0,0,0,0,0,0,0,0,0,0,0,0,0,0,0,0,0,0,0,0,0,0,0,0,0,0
rfriends.wst.txt,7,2,3,4,4,2,0,3,4,4,1,0,1,0,0,0,1,2,1,1,0,0,0,1,0,0,5,0,6,3,1,1,0,0,2,0,0,0,0,0,0,0,3,10,0,0,0,0,0,0,2,0,0,0,1,0,0,0,0,1,1,0,0,0,3,0,0,0,0,0,0,2,0,0,0,0,0,0,0,0,0,0,0,0,0,0,1,0,0,0,0,0,0,0,8,0,0,0,0,0,0,0,0,2,0,0,0,0,0,0,1,0,1,0,0,0,1,0,0,0,0,1,3,0,0,0,0,0,0,0,0,0,0,1,0,3,0,0,0,0,0,0,0,1,0,0,0,0,0,0,0,2,0,1,0,0,2,1,0,0,0,1,0,0,0,0,0,0,0,1,2,0,0,0,1,0,0,0,0,0,0,0,0,0,0,0,0,3,0,0,0,0,1,0,0,0,0
heartlss.wst.txt,1,1,0,4,6,0,8,0,0,1,0,1,4,0,0,0,0,1,1,1,0,1,1,0,1,0,0,0,0,1,1,2,1,1,0,11,0,1,0,0,0,4,0,0,0,1,1,0,1,0,1,0,0,0,1,0,0,4,2,4,0,1,0,0,0,5,0,0,1,0,0,0,0,5,0,0,4,0,1,5,0,0,0,1,0,5,0,0,0,1,0,0,0,0,2,0,0,1,0,0,0,0,0,0,1,2,5,0,0,0,0,0,0,0,4,0,0,0,0,1,0,0,0,0,0,0,1,0,0,0,0,0,0,0,0,0,2,0,0,0,0,0,2,0,1,0,0,0,0,0,0,0,0,0,1,1,1,0,0,0,0,0,1,0,2,0,0,0,0,0,0,0,0,0,0,0,0,0,0,0,0,0,0,2,0,0,0,0,0,0,0,0,1,0,0,0,0
cowboy.tye.txt,7,3,3,4,1,9,2,3,4,2,2,2,4,1,0,0,1,3,0,4,0,0,1,0,1,0,0,1,0,0,0,2,0,0,0,1,0,0,2,4,1,0,0,0,1,0,2,0,1,0,0,0,0,1,0,0,0,0,0,1,1,0,0,0,1,0,1,0,0,0,0,0,0,0,2,0,0,0,0,1,0,2,0,0,0,0,1,2,0,1,2,2,1,3,1,0,0,1,0,3,1,1,1,0,0,1,0,0,0,1,0,1,0,0,0,0,0,0,1,0,0,0,0,0,0,0,1,0,1,0,0,0,1,0,0,0,0,0,0,1,0,0,0,0,0,0,0,0,0,0,0,0,0,0,0,0,0,0,0,1,0,1,0,0,0,1,0,0,0,0,0,1,0,0,0,0,0,0,0,2,0,1,0,1,0,1,0,0,0,1,0,1,0,0,0,0,0
nomoreLA.wst.txt,9,10,7,7,7,1,8,3,7,3,5,2,1,1,1,3,1,6,6,4,1,3,1,0,3,1,1,2,2,4,1,1,1,11,6,1,0,2,1,1,9,3,3,2,3,3,2,0,0,1,3,4,0,1,4,1,0,0,2,0,1,0,1,3,0,0,0,4,0,0,0,5,1,0,0,0,0,2,0,1,1,3,1,1,1,1,2,0,1,0,0,1,2,0,3,0,0,1,0,0,1,0,0,2,2,2,0,0,1,0,0,0,0,1,0,0,0,3,1,0,1,1,0,1,1,2,0,0,1,0,0,1,0,10,0,0,0,0,0,0,0,1,0,2,1,0,0,0,1,1,1,0,0,5,0,0,0,1,1,0,0,1,0,0,0,0,2,1,2,0,0,1,0,0,0,0,0,0,0,1,0,0,0,2,1,1,0,0,0,0,1,1,0,1,0,0,0
Tuesday.drk.txt,7,1,1,26,6,0,6,3,0,2,0,2,0,0,0,0,0,0,3,0,18,0,0,1,1,0,2,0,0,1,1,0,0,0,0,0,1,2,0,6,1,1,0,0,0,0,0,1,1,0,1,0,1,0,1,0,1,0,0,0,0,0,3,1,0,0,0,1,0,0,1,0,0,1,0,0,0,0,0,2,0,0,0,1,1,0,0,0,0,0,0,1,0,0,0,3,1,1,0,0,0,0,0,0,0,0,1,0,0,0,1,1,1,0,0,0,0,0,0,0,1,0,0,0,0,0,1,0,0,0,0,0,0,0,0,0,0,0,0,1,0,0,0,0,0,0,0,0,0,0,19,0,0,0,0,1,0,0,1,0,0,0,0,0,0,0,0,0,0,1,0,0,0,0,0,0,19,0,0,0,0,0,2,0,0,0,0,1,0,0,0,0,0,0,0,1,0
realgets.jyz.txt,7,2,7,2,2,0,4,5,9,1,1,3,3,1,3,0,0,5,2,3,0,2,2,0,1,0,4,0,3,2,4,2,7,1,1,0,1,0,0,0,1,2,0,9,1,1,1,0,0,3,1,1,1,0,1,1,1,1,0,0,0,0,1,4,2,3,0,0,0,1,1,0,1,2,0,3,1,0,0,0,1,0,2,0,0,0,0,0,0,0,0,0,0,1,0,0,1,0,0,0,0,0,0,0,1,0,1,0,1,0,0,1,1,1,2,0,0,2,0,0,0,0,0,0,5,0,0,1,0,0,0,0,0,0,0,0,0,0,0,2,0,1,0,0,0,0,1,0,0,0,0,0,0,0,0,0,1,3,0,0,1,0,0,1,0,0,0,0,0,0,0,1,0,0,1,0,1,1,0,0,0,0,0,0,0,0,0,2,0,1,0,0,0,0,0,0,0
PSA_shdy.mnm.txt,0,0,0,0,1,1,0,0,0,0,0,0,0,0,1,0,0,0,0,0,0,0,0,0,0,0,0,0,0,0,0,0,0,0,0,0,0,0,0,0,0,1,0,0,0,0,0,0,0,0,0,0,0,0,0,0,0,0,0,0,0,0,0,0,0,0,0,0,0,0,0,0,0,0,0,0,0,0,0,0,0,0,0,0,0,0,0,0,0,0,0,0,0,0,0,0,1,0,0,0,0,1,0,0,0,0,0,0,0,0,0,0,0,0,0,0,0,0,0,0,0,0,0,0,0,0,0,0,0,0,0,0,0,0,0,0,0,0,0,0,0,0,0,0,0,0,0,0,0,0,0,0,0,0,0,0,0,0,0,0,0,0,0,0,0,0,0,0,0,0,0,0,0,0,0,0,0,0,0,0,0,0,0,0,0,0,0,0,0,0,0,0,0,0,0,0,0
FUTW.jyz.txt,6,6,1,5,4,18,3,2,2,2,0,0,2,1,0,0,1,2,0,0,0,13,0,0,0,1,1,1,0,2,1,0,2,0,1,0,0,0,0,0,0,1,0,0,1,1,0,0,0,1,1,0,16,1,0,0,0,0,0,0,0,0,0,0,0,1,4,0,1,0,0,1,1,0,0,4,1,0,0,0,0,0,2,1,0,0,0,2,0,0,0,0,0,0,0,0,0,2,1,0,0,1,0,0,0,0,0,1,0,0,0,0,0,0,0,0,1,0,4,1,0,0,0,0,0,0,0,0,0,0,1,0,0,0,0,0,0,0,0,0,0,0,0,1,0,0,3,0,0,0,0,0,0,0,0,0,0,1,0,0,0,0,0,0,0,1,0,1,0,0,1,0,0,0,0,0,0,0,1,0,0,0,0,0,1,0,0,0,0,0,0,0,1,0,0,0,0
versus.jyz.txt,0,0,0,0,0,0,0,4,1,2,0,0,0,0,0,0,0,0,0,0,0,0,0,0,0,0,0,0,0,0,0,0,0,0,0,0,0,0,0,0,0,0,0,0,0,0,0,0,0,0,0,0,0,0,0,0,0,0,0,0,0,2,0,0,0,0,0,0,2,0,0,10,0,0,0,2,0,0,0,0,0,0,0,0,0,0,0,0,0,2,0,0,0,0,0,0,0,0,0,0,0,0,0,0,0,0,0,0,0,0,0,0,0,0,0,0,0,0,0,0,0,0,1,0,1,1,0,0,0,0,0,0,0,0,0,0,0,0,0,0,0,0,0,0,0,0,0,0,0,0,0,0,0,1,0,0,0,0,0,0,0,1,0,0,0,0,0,0,0,0,0,0,0,0,0,0,0,0,0,0,0,0,0,0,0,0,0,0,0,0,0,0,0,0,0,0,0
ldypatra.igg.txt,2,6,2,3,0,2,0,0,0,1,2,0,2,0,0,0,1,1,0,1,1,0,0,0,2,2,0,2,0,3,2,0,0,1,0,2,1,0,0,1,2,1,0,2,1,2,0,0,0,2,1,1,1,0,0,0,0,1,1,1,0,0,0,0,0,0,0,0,0,0,0,0,0,1,0,0,1,0,0,0,0,0,1,0,0,0,0,0,0,0,0,0,0,2,0,0,0,0,0,0,0,0,1,0,0,0,0,0,0,0,0,0,0,0,0,0,0,0,0,0,0,0,0,4,0,0,0,0,0,0,0,0,0,0,0,0,0,0,0,0,0,0,0,0,0,0,1,0,0,0,0,0,0,0,0,0,0,0,1,0,1,1,0,0,0,0,1,0,0,1,0,0,0,0,0,0,0,0,1,0,0,0,0,0,0,0,0,0,0,0,1,0,0,1,0,0,0
chainsmo.ctr.txt,2,0,1,1,0,1,1,8,1,2,0,3,0,0,0,2,0,0,1,0,0,0,0,0,0,1,1,0,1,0,3,0,5,0,2,0,1,0,1,0,0,0,0,0,0,3,0,0,0,0,0,0,0,0,0,0,0,1,0,1,0,0,0,0,0,0,0,0,0,0,1,1,0,0,0,0,0,2,0,1,0,0,0,0,1,1,0,1,0,2,0,0,0,0,0,0,0,0,0,0,0,0,0,0,0,0,0,1,1,0,1,0,0,0,0,0,1,0,0,0,1,0,4,0,0,0,1,1,0,2,0,2,0,0,0,0,0,0,2,0,0,0,0,0,0,0,0,0,0,0,0,2,0,0,0,0,2,0,0,0,0,0,0,0,0,0,0,0,0,0,0,1,0,0,0,0,0,0,1,0,1,0,0,0,1,0,0,0,0,0,0,0,0,0,0,0,0
theartof.ken.txt,5,3,0,2,0,0,2,1,5,1,2,1,1,3,0,1,1,2,1,1,2,0,3,0,0,0,1,0,0,1,0,0,5,0,1,0,2,1,1,1,0,0,0,0,1,2,0,3,0,0,0,0,1,0,2,1,2,0,0,0,0,0,7,0,1,0,0,1,1,0,0,0,0,0,0,0,0,0,0,1,0,0,0,0,0,1,0,0,1,0,1,0,0,1,0,1,0,0,1,1,0,0,4,1,0,1,0,1,1,0,0,0,0,0,1,0,0,0,0,0,0,0,0,0,0,0,1,1,1,0,0,1,0,0,0,1,0,0,0,0,0,0,0,0,0,0,0,0,1,0,0,1,0,2,0,0,0,0,0,0,0,0,0,0,13,0,0,0,0,0,0,0,0,0,0,0,0,0,1,0,0,0,1,0,0,1,0,0,3,0,0,0,0,0,0,0,0
tron_cat.tye.txt,11,6,4,3,2,10,1,5,1,1,5,1,0,1,1,1,2,5,0,4,1,0,1,12,2,0,1,1,4,3,0,0,0,0,0,0,1,2,0,0,0,0,0,0,0,0,1,0,0,0,0,1,0,0,0,1,2,0,0,0,0,0,0,2,0,0,2,0,0,0,0,0,0,0,0,0,0,0,2,0,0,3,1,0,0,1,2,0,0,0,0,2,0,0,1,0,0,0,0,0,0,0,0,3,0,0,1,0,0,0,0,0,1,2,0,0,1,0,0,0,0,0,0,1,0,0,0,0,5,0,0,0,0,0,0,1,0,0,0,0,0,0,0,0,0,0,0,0,0,0,0,0,0,0,0,0,0,1,3,0,0,0,0,0,0,1,0,0,1,0,2,1,2,0,1,0,0,0,0,1,0,2,0,0,0,0,1,0,0,3,1,1,0,0,0,0,0
ontothe.jyz.txt,15,4,3,3,7,3,2,6,1,0,1,0,0,3,1,0,1,4,7,0,1,1,0,0,1,0,0,1,3,0,0,3,0,1,0,0,0,1,0,0,5,0,2,0,0,0,2,0,0,2,2,0,1,0,1,1,0,0,1,0,0,0,0,0,1,0,6,1,0,0,3,1,0,0,0,0,1,0,0,0,0,0,0,4,0,0,0,0,0,0,0,0,0,0,0,0,0,0,1,0,0,0,0,0,0,0,0,0,0,0,1,0,0,0,0,0,0,1,0,0,0,23,0,2,3,1,7,0,0,0,0,0,0,3,1,0,0,0,0,0,0,0,0,1,1,0,2,0,0,0,0,0,0,0,0,0,2,0,0,0,0,0,0,1,0,0,0,0,0,0,0,0,0,0,0,0,0,0,0,0,0,0,1,0,3,0,0,0,0,0,0,1,0,0,0,1,0
sm_again.ctr.txt,3,8,2,10,2,1,2,3,6,3,4,0,0,2,1,0,0,0,2,0,0,2,0,2,1,0,0,0,0,1,0,1,0,0,0,1,1,3,0,0,0,0,2,0,0,0,0,1,1,0,0,0,0,0,1,0,2,0,0,1,0,1,1,1,1,0,0,0,1,0,1,0,0,0,0,0,2,0,0,0,0,0,0,0,0,1,0,0,1,0,0,0,0,0,1,1,0,0,0,0,4,0,0,0,0,0,0,0,0,0,0,0,0,3,0,1,1,0,0,0,1,0,0,0,0,0,0,1,2,2,0,1,0,0,0,0,1,0,0,2,1,0,1,1,0,0,0,0,0,0,0,0,0,0,0,0,0,1,0,0,0,0,1,0,1,0,0,0,2,0,0,1,0,0,0,0,1,0,1,4,0,0,0,1,0,0,0,0,2,0,1,0,0,0,0,0,0
ibonthat.gam.txt,16,8,3,3,4,1,0,10,4,2,4,1,2,5,1,0,1,1,0,2,1,1,0,0,0,0,0,0,1,1,0,2,2,0,2,0,0,0,0,2,0,0,0,0,0,1,4,1,0,2,1,0,0,0,0,0,0,0,1,1,0,0,0,1,4,0,0,0,0,1,2,0,0,0,0,0,0,0,0,1,0,0,0,0,0,0,0,0,0,0,0,1,0,1,0,0,0,1,0,0,0,0,0,0,0,0,0,0,3,0,0,1,0,0,0,0,0,1,2,0,0,0,0,0,0,0,3,1,2,0,0,0,0,1,1,0,0,0,0,0,0,1,0,0,0,0,0,0,0,0,0,0,0,0,0,1,0,2,1,1,0,1,2,0,0,0,0,0,1,0,0,0,0,0,0,0,0,0,0,0,0,0,0,0,0,0,0,0,0,0,0,0,0,0,1,0,0
iller.mnm.txt,7,12,15,10,3,1,1,7,3,5,5,0,0,0,1,0,0,4,2,0,3,0,1,6,0,2,0,1,3,1,3,2,0,0,1,0,0,2,1,0,0,1,0,0,0,2,3,0,2,0,0,2,1,0,0,0,2,0,1,0,1,2,1,0,0,0,2,0,0,0,2,0,0,1,1,0,0,0,1,1,8,2,3,0,1,0,3,0,2,0,0,1,3,0,0,0,1,0,1,1,0,1,0,0,2,0,1,1,0,0,1,0,1,0,0,0,0,0,2,4,1,0,1,1,0,1,1,1,2,0,0,0,1,0,0,1,0,0,0,0,3,3,3,0,0,0,0,0,0,0,0,0,1,0,1,3,3,0,1,2,0,0,0,1,0,0,0,0,2,0,3,0,0,1,1,0,1,0,1,0,0,0,0,0,0,0,0,0,0,1,2,0,0,0,0,0,0
paranoia.ctr.txt,0,2,2,2,2,1,3,2,1,0,0,0,0,2,0,1,0,0,0,1,0,0,1,2,0,0,0,0,3,1,1,0,0,1,2,0,1,0,0,1,1,0,0,0,0,2,0,0,0,0,0,0,0,0,1,0,0,0,0,1,1,0,0,0,1,0,0,0,1,0,0,0,0,0,0,0,0,1,0,0,0,0,1,0,0,0,2,0,0,0,0,1,0,0,0,2,0,0,0,3,0,0,0,2,0,1,0,0,0,0,0,0,0,1,0,0,0,0,0,0,0,0,0,0,0,0,0,0,0,0,0,0,2,0,0,2,0,0,2,1,0,0,0,0,2,0,0,0,0,0,0,2,2,1,0,0,0,0,1,0,0,0,3,0,0,0,0,0,0,0,0,0,0,0,0,0,0,0,0,0,0,0,0,0,0,0,0,3,0,0,0,0,0,0,0,1,0
jamba.tye.txt,12,11,3,2,2,12,0,5,11,1,5,0,1,1,2,0,1,0,1,0,1,3,0,1,1,0,0,1,3,1,0,0,0,0,1,1,0,1,0,1,1,6,2,0,0,0,0,0,2,0,0,0,0,0,0,0,1,3,2,2,0,0,0,1,1,0,0,0,0,0,0,0,0,0,0,0,0,1,0,0,3,0,0,0,0,0,1,0,1,0,0,0,0,1,0,0,1,0,0,1,0,0,0,1,1,0,0,1,0,0,1,0,0,1,1,0,0,0,0,0,0,0,0,0,0,0,0,0,2,0,0,0,0,0,1,0,0,0,0,0,1,0,1,0,0,0,0,0,0,0,0,0,0,3,2,0,0,0,0,0,0,0,0,0,0,0,1,0,0,0,0,0,0,0,1,0,0,0,0,3,0,1,0,1,0,0,1,0,0,0,0,0,0,0,0,1,0
bigrings.drk.txt,8,1,3,6,1,2,2,0,8,0,2,1,0,2,2,0,2,0,0,1,1,0,0,0,10,6,3,1,0,0,1,0,0,0,0,0,2,1,0,0,0,1,0,0,0,1,0,0,0,0,0,0,0,0,3,12,1,0,2,0,0,4,0,0,0,4,0,0,0,0,0,0,0,5,1,0,0,0,2,0,0,0,0,3,0,0,0,0,0,0,1,1,0,0,0,0,0,0,0,0,0,0,0,0,0,0,0,0,0,0,0,0,0,0,0,0,0,8,1,0,0,1,0,0,0,0,0,0,0,0,0,0,0,0,0,0,0,0,0,0,0,0,0,1,0,0,0,0,0,0,0,0,0,0,0,0,0,1,0,0,0,1,0,0,0,6,0,0,1,0,0,0,0,4,0,0,0,0,0,0,0,0,0,0,0,0,0,0,0,0,0,0,0,0,0,0,1
poetic.ken.txt,2,1,5,1,3,2,7,1,2,2,1,5,2,1,0,3,2,2,0,4,2,0,3,0,3,2,1,1,0,3,4,0,5,0,2,1,2,2,3,0,0,1,0,2,0,0,0,0,0,1,0,0,0,0,1,3,0,0,1,3,1,1,0,5,3,1,0,4,0,2,1,0,4,0,0,0,0,2,1,1,1,0,0,0,0,2,0,1,0,0,0,0,0,0,1,0,0,1,0,2,0,1,1,0,0,4,1,0,1,4,0,0,1,0,3,0,1,1,0,0,0,0,0,0,0,0,0,3,0,1,0,0,1,0,0,0,0,0,1,0,0,0,0,0,1,0,0,0,1,0,0,1,0,0,1,0,0,2,0,0,0,0,0,0,1,0,0,0,0,1,0,3,0,0,0,0,0,0,0,0,0,0,0,0,0,0,0,0,0,0,0,0,0,0,0,1,0
longtime.ctr.txt,6,2,0,1,3,0,1,1,0,1,0,0,0,0,1,0,0,0,0,0,0,1,0,0,0,0,0,0,1,0,0,0,0,0,0,0,0,0,0,1,1,0,0,0,0,0,0,0,0,0,1,0,0,0,0,0,0,0,0,1,0,1,0,0,3,2,0,0,2,0,0,0,0,0,0,0,0,1,0,0,0,1,1,1,0,0,0,0,0,0,0,1,0,0,0,0,0,0,0,1,0,0,0,0,0,0,0,0,0,0,0,0,0,0,1,2,0,0,0,0,0,0,0,2,0,0,1,2,0,1,0,0,0,0,0,0,0,0,0,0,0,0,0,0,0,0,0,1,0,0,0,0,0,0,0,0,0,0,1,0,0,0,0,0,1,0,0,0,0,0,1,0,0,0,0,0,0,1,0,0,0,0,0,0,0,0,0,0,0,0,0,1,0,0,0,0,0
stronger.wst.txt,5,11,2,3,12,1,6,4,0,0,0,3,0,4,0,0,0,4,0,1,0,1,8,0,3,2,1,0,1,1,0,3,7,2,0,2,0,2,0,0,0,1,1,1,0,0,0,0,1,0,1,0,0,1,0,0,0,0,1,0,0,2,2,2,0,0,0,0,12,0,0,0,0,0,1,1,0,2,0,2,0,0,0,1,1,8,0,0,0,0,0,0,0,0,0,4,0,1,0,0,0,0,0,0,1,0,0,0,1,1,0,0,1,0,0,0,0,0,0,0,0,0,0,0,0,0,0,0,0,0,0,0,0,0,2,1,0,0,1,0,0,1,0,0,0,0,0,0,0,1,0,0,0,0,0,0,0,0,0,0,0,0,0,0,0,0,0,9,0,0,0,0,0,0,0,0,0,4,0,0,0,0,0,0,0,0,0,0,0,0,0,6,0,0,0,0,0
role_model.mnm.txt,13,9,4,3,9,2,0,1,0,1,0,3,5,4,0,1,0,0,1,1,1,0,2,2,0,0,0,0,0,0,7,0,0,0,0,0,0,3,0,0,0,1,3,0,0,1,0,1,0,1,0,1,0,0,1,0,1,0,0,0,0,0,0,1,1,0,0,1,0,0,0,0,1,0,0,0,1,0,0,0,2,1,0,0,2,0,1,0,1,0,0,1,0,2,0,1,2,0,3,0,1,1,0,0,0,1,0,0,0,1,0,0,0,2,0,0,0,0,0,0,0,0,0,2,0,0,1,0,0,0,0,0,0,0,0,1,2,0,0,0,0,0,0,1,0,0,0,2,0,1,1,0,1,0,1,0,0,0,0,0,0,0,0,0,0,0,0,0,0,0,0,1,0,0,2,0,1,0,0,2,0,0,0,0,1,0,0,0,0,1,0,0,0,0,0,0,0
treasure.igg.txt,5,1,8,13,0,0,4,0,0,0,3,0,2,1,0,0,0,4,0,0,0,7,0,0,0,1,1,0,1,0,0,7,0,2,2,0,1,0,0,1,0,9,0,0,0,0,0,1,0,1,1,0,2,0,0,0,1,0,0,0,0,0,1,0,0,0,0,1,0,3,0,0,2,0,0,1,0,0,2,0,0,1,0,0,0,0,0,0,0,1,1,0,0,0,0,0,0,0,0,0,0,0,0,1,0,0,0,0,0,0,0,0,0,0,1,0,0,0,2,1,0,0,0,5,4,0,0,0,0,0,4,1,0,0,0,0,0,0,0,0,0,0,1,1,0,0,5,0,0,0,0,0,0,0,2,0,0,0,0,3,0,0,1,1,0,3,0,0,0,1,0,1,0,0,0,0,0,0,0,0,0,0,0,0,0,0,0,0,0,0,0,0,0,0,0,0,0
clique.wst.txt,19,5,3,3,2,2,4,2,2,7,2,1,1,1,6,0,4,0,1,4,2,2,1,6,2,4,0,0,0,2,1,1,1,0,1,1,2,0,1,1,4,1,0,1,1,0,0,0,0,0,1,0,0,1,0,1,0,0,2,1,5,0,0,0,1,1,1,0,0,1,1,0,0,13,1,0,0,1,0,0,0,0,0,0,1,1,0,0,0,0,0,1,0,0,0,0,2,0,1,0,0,0,2,0,0,1,1,1,0,0,0,0,0,0,0,0,1,1,1,0,2,2,0,0,0,0,0,0,0,1,1,0,0,0,0,1,0,0,0,0,0,0,0,0,0,0,0,1,0,0,0,0,0,0,0,3,0,0,0,0,1,0,1,1,2,2,0,0,0,0,0,0,0,1,0,0,0,1,1,0,1,0,0,0,0,0,0,0,0,0,0,1,0,1,0,0,0
no_exit.gam.txt,8,0,0,0,4,0,2,0,0,1,0,3,0,0,1,0,1,1,0,2,0,0,0,0,0,2,0,0,0,0,0,2,0,0,2,0,7,0,1,0,0,0,0,0,0,1,0,0,0,0,0,0,0,0,0,0,0,0,0,0,0,0,0,1,0,1,0,0,0,0,2,0,0,0,0,0,0,0,2,2,0,0,0,0,1,1,0,1,0,0,0,0,0,0,0,0,1,0,0,0,0,0,0,0,0,0,0,1,0,0,0,0,0,0,0,1,0,0,0,0,0,0,1,0,0,0,0,1,0,0,0,0,0,2,0,0,0,0,0,0,0,0,0,0,1,0,1,0,0,0,0,0,0,0,0,0,0,0,0,0,1,0,1,0,0,0,0,0,0,0,0,0,0,0,0,0,0,0,0,0,0,0,0,0,0,2,0,1,0,0,0,0,0,0,0,0,0
th_walls.ken.txt,4,1,0,1,1,0,1,0,0,0,1,1,1,1,0,0,2,0,0,3,3,0,1,1,1,0,1,2,0,4,0,0,1,1,1,9,0,1,3,1,0,1,1,0,0,1,0,1,0,0,0,1,0,0,0,0,0,0,0,10,0,1,0,1,2,0,0,2,0,1,0,0,0,0,0,0,0,3,0,3,0,0,0,1,1,0,0,0,0,0,0,2,0,0,0,1,0,0,0,0,0,0,0,0,0,1,0,2,3,2,1,0,0,0,0,0,0,0,0,0,1,0,0,0,2,0,0,0,0,0,1,0,0,0,0,1,0,0,0,0,0,0,0,0,0,0,0,0,0,2,0,0,0,1,0,0,1,0,0,0,0,0,0,0,1,0,0,0,1,0,0,2,0,1,0,0,0,2,0,0,0,0,0,0,1,0,0,0,0,0,0,0,0,0,0,0,0
blood_on.wst.txt,5,4,3,4,2,3,3,0,0,4,3,2,1,6,5,1,2,0,2,1,1,2,0,0,3,0,1,0,2,2,1,4,2,2,0,2,0,1,0,0,3,1,1,0,0,0,1,0,1,0,1,2,0,1,1,0,0,0,1,2,2,0,0,0,2,0,7,0,3,2,3,3,0,1,0,3,0,0,0,2,1,0,0,1,0,2,0,0,1,5,0,0,0,0,0,0,0,0,0,1,0,0,1,0,0,0,0,0,0,2,0,0,1,0,0,0,1,0,0,1,0,0,0,0,0,0,1,0,0,0,0,0,0,0,0,0,0,0,0,0,0,0,2,4,0,0,0,0,0,1,0,0,1,4,0,0,0,0,0,0,0,3,1,0,1,0,0,0,0,1,1,0,0,0,0,0,0,2,0,0,0,0,0,0,1,0,1,0,0,0,0,1,0,0,0,0,0
nightmre.tye.txt,22,10,7,5,8,14,4,4,4,3,1,0,1,3,2,2,2,0,2,2,0,0,2,14,0,5,2,0,0,3,5,1,0,0,0,1,1,0,5,0,0,0,1,0,5,0,0,0,2,2,0,1,0,1,0,1,2,2,0,0,1,1,0,0,1,1,3,0,0,1,1,0,0,1,0,1,1,0,0,1,0,1,0,0,3,1,4,0,3,0,0,2,1,1,1,0,2,0,0,5,0,0,0,0,2,0,0,1,0,2,0,0,0,0,0,0,0,0,5,1,0,0,1,0,0,1,1,1,0,3,1,0,0,0,0,0,1,0,1,1,1,2,0,0,1,0,0,1,0,1,1,1,0,1,0,0,0,0,3,0,1,0,0,0,0,0,1,0,0,0,0,0,0,0,1,0,0,0,1,0,0,0,3,1,0,0,0,0,0,1,0,1,1,0,0,0,0
the_real_slim_shady.mnm.txt,11,12,3,4,5,5,2,2,0,1,1,3,0,3,3,1,0,0,0,2,1,3,1,0,0,2,2,0,3,0,1,3,0,0,0,2,1,0,0,3,0,1,1,5,2,0,0,2,5,2,1,1,1,0,0,0,1,0,0,1,0,2,0,2,0,2,0,1,0,1,2,0,0,0,0,0,0,0,0,0,2,3,1,0,0,0,3,0,0,1,1,1,2,1,1,0,1,1,1,4,0,0,0,0,2,0,2,0,0,0,0,0,1,1,1,0,0,0,0,0,2,3,0,0,0,1,0,1,0,0,0,0,0,8,0,0,1,0,1,0,0,0,0,0,0,0,1,1,0,0,0,0,1,2,2,0,0,0,0,0,0,0,0,0,0,0,0,2,1,0,0,0,0,0,0,0,0,0,1,0,0,0,1,1,0,0,0,0,0,3,0,0,0,0,2,0,0
cleanin_out_my_closet.mnm.txt,19,1,4,1,2,2,3,4,0,1,3,4,4,2,1,0,0,11,1,0,0,0,19,0,0,1,1,0,0,1,0,0,0,1,0,1,4,6,2,1,0,3,4,0,0,0,3,1,1,1,1,5,0,0,0,0,1,0,0,0,0,0,3,1,0,0,0,0,2,0,0,0,0,0,0,0,2,0,1,0,1,0,0,0,1,0,1,0,0,2,0,0,1,0,0,1,0,1,0,0,0,4,0,2,1,0,1,0,0,2,1,0,0,0,0,0,0,1,0,0,0,0,0,0,0,0,0,0,0,1,0,0,0,0,0,0,2,0,0,0,1,2,2,0,0,0,0,0,0,2,0,1,1,0,0,0,0,0,0,0,0,1,0,0,0,0,1,0,0,0,1,1,0,0,1,1,0,1,0,0,0,0,0,0,0,0,0,0,0,2,0,0,0,11,1,0,0
LES.gam.txt,14,5,0,1,3,1,1,3,0,5,1,1,3,4,0,3,1,0,1,1,8,1,2,1,1,0,2,0,3,0,2,0,1,3,3,2,1,0,0,0,0,0,0,0,0,1,0,0,0,0,3,0,0,0,0,0,0,0,1,0,0,0,0,0,0,0,0,1,0,0,0,0,0,0,1,3,0,0,1,0,1,0,1,0,0,0,1,0,0,1,1,0,0,1,3,0,2,1,1,0,0,2,1,1,0,0,0,0,0,1,1,0,0,0,0,0,0,0,0,1,0,0,0,0,0,1,1,0,0,1,0,0,1,0,0,0,0,0,0,0,0,0,0,0,0,0,0,1,1,0,2,2,0,0,0,3,1,0,0,1,0,0,0,0,0,0,0,0,0,0,0,0,0,0,0,0,0,0,0,0,2,0,0,1,0,1,0,0,0,0,0,0,0,0,0,0,0
if_i_had.mnm.txt,23,1,1,0,1,1,5,5,0,2,0,1,2,0,0,0,1,4,6,4,0,0,1,0,0,1,0,3,1,2,1,1,1,0,0,0,0,1,5,3,3,0,0,0,1,2,0,4,1,0,0,0,4,0,0,1,1,0,0,0,0,0,0,1,0,0,0,0,0,1,0,0,0,0,1,0,0,0,0,0,3,0,0,0,0,0,0,0,0,0,1,3,2,0,5,0,1,0,1,0,0,0,0,1,0,0,1,2,1,2,3,0,4,2,1,0,0,3,0,0,0,0,0,0,0,0,0,0,2,0,0,0,0,0,0,2,0,0,0,0,0,0,0,0,0,0,4,2,1,6,0,0,0,0,0,1,0,0,0,0,0,0,0,0,0,0,1,1,1,0,0,0,0,0,5,0,1,0,0,0,0,0,0,1,0,0,0,0,0,0,0,0,0,0,0,0,41
murdabiz.igg.txt,7,0,6,1,0,0,1,8,4,4,11,0,1,1,0,0,0,2,0,0,0,3,0,0,0,1,1,0,0,1,0,0,0,0,0,0,1,1,0,1,0,6,0,0,0,0,3,1,1,4,1,0,0,0,0,1,0,0,0,0,0,0,1,0,0,0,0,0,0,0,1,0,2,0,0,0,0,0,0,0,0,0,0,1,12,0,0,1,0,0,0,0,0,11,0,0,0,0,0,0,0,0,4,1,1,0,0,1,0,0,0,1,0,0,0,0,0,1,1,0,0,0,0,0,0,0,0,0,0,0,0,0,2,0,0,0,0,0,0,1,0,0,0,0,0,0,0,0,0,0,0,0,0,1,0,1,0,0,0,3,0,0,0,0,0,0,2,0,0,0,0,0,0,0,0,0,4,0,1,0,26,0,0,0,0,0,0,0,0,2,0,0,0,0,0,0,0
bomb.tye.txt,5,2,3,2,9,2,2,1,8,0,0,0,1,1,0,0,4,0,1,0,0,2,0,2,1,0,1,3,0,0,1,0,0,0,2,1,1,3,0,0,0,0,1,1,0,0,0,0,0,0,0,0,0,0,0,1,2,0,0,1,0,0,1,0,0,0,0,0,0,0,0,0,0,0,0,0,0,1,0,0,1,0,1,2,0,0,0,2,0,0,0,0,0,1,0,0,0,0,0,0,0,0,0,0,0,0,0,0,0,0,0,0,0,0,0,0,1,0,0,0,0,0,0,0,0,0,0,0,0,0,0,0,0,0,0,0,0,0,0,0,2,0,0,0,0,0,0,0,0,0,0,0,0,0,0,0,0,0,0,0,0,0,0,0,0,0,0,0,0,0,0,1,0,0,1,3,0,0,0,0,0,0,0,0,0,0,0,0,0,0,0,0,0,0,0,0,0
fav_song.ctr.txt,11,6,0,1,2,2,6,4,4,2,0,1,0,3,1,0,1,0,5,0,1,1,2,1,0,0,0,0,0,0,0,0,1,0,1,1,1,1,0,0,0,0,0,2,1,2,0,1,0,0,0,3,0,0,8,0,0,1,1,0,0,0,0,0,0,1,0,0,0,0,0,0,0,0,0,0,0,1,0,0,2,1,1,0,1,0,1,0,0,0,0,0,0,1,0,0,1,1,1,0,0,0,0,0,1,0,0,0,1,0,0,0,0,3,0,0,4,0,0,0,0,0,0,0,0,0,0,1,0,0,0,0,0,1,0,1,1,0,0,0,0,1,0,0,0,0,0,0,0,0,0,0,0,0,0,0,0,0,1,0,0,0,0,0,0,0,1,0,2,0,0,4,0,0,0,0,0,1,0,0,4,0,0,0,1,0,0,0,0,0,0,0,0,0,0,0,0
sober.gam.txt,18,0,0,1,0,0,4,0,0,0,0,0,1,3,0,1,0,0,0,0,4,0,5,0,0,0,2,0,0,0,0,0,1,1,0,0,0,0,0,0,0,0,0,0,0,0,0,0,4,0,0,0,0,0,0,0,5,0,0,0,1,0,0,0,0,1,0,0,0,0,0,0,17,0,0,0,0,0,0,1,0,0,0,0,0,0,0,0,0,0,0,0,0,0,0,0,0,0,0,0,0,0,0,0,1,0,0,0,0,0,0,1,0,0,0,0,0,0,0,0,0,0,0,0,0,0,0,0,0,0,0,0,0,0,0,0,0,0,0,0,0,0,0,0,0,1,0,0,0,0,0,0,2,0,0,0,0,0,0,0,0,0,0,0,0,0,0,0,0,0,0,0,0,0,0,0,0,0,0,0,0,0,0,0,0,0,0,0,0,0,1,0,0,0,0,0,0
goblin.tye.txt,23,8,9,2,18,13,5,9,4,1,2,4,3,9,2,1,8,2,0,2,0,1,1,11,3,0,2,0,0,4,1,1,1,0,4,1,0,3,4,8,0,2,3,1,2,3,0,0,1,0,1,0,0,0,0,5,0,1,1,1,1,0,3,2,3,0,2,0,0,4,0,3,0,0,1,0,1,0,0,0,0,1,0,1,1,0,3,0,0,0,2,0,2,0,2,2,2,1,2,0,0,1,1,2,3,8,2,0,0,0,0,1,0,0,0,0,0,0,5,2,0,0,2,1,0,0,1,0,2,1,3,0,0,0,1,0,0,0,0,0,0,0,0,1,0,0,0,2,0,2,0,0,1,0,0,1,1,0,1,0,0,1,0,2,0,0,0,0,2,0,0,0,1,0,1,0,0,0,1,0,0,1,0,1,0,0,0,1,1,0,0,4,0,0,0,0,0
Motto.drk.txt,10,10,3,3,6,5,5,3,17,4,5,1,3,4,0,1,3,0,0,3,1,0,0,3,2,2,2,0,0,2,1,3,0,0,1,0,1,0,0,0,6,3,1,6,6,1,0,0,0,0,3,0,0,0,3,6,0,1,1,2,15,0,0,1,1,0,0,15,6,3,0,0,0,0,0,1,1,1,0,0,0,1,0,0,0,0,0,1,0,0,0,0,0,0,0,0,0,0,0,0,1,0,0,0,1,1,0,0,3,1,0,1,0,0,0,1,1,0,0,1,0,0,0,0,0,0,1,0,0,0,0,0,1,0,1,0,1,0,0,0,0,0,0,0,0,0,0,0,1,0,0,0,0,0,0,0,0,0,0,0,0,0,0,0,0,1,0,1,0,0,0,0,0,0,0,0,1,0,0,0,0,0,0,3,0,0,0,0,0,0,0,0,3,0,0,0,0
seeme.wst.txt,7,14,7,7,6,1,21,1,2,1,0,7,14,3,4,2,1,1,0,3,2,3,1,0,2,2,3,1,3,2,1,1,7,3,2,1,4,2,2,1,3,0,0,0,0,0,1,1,0,6,1,3,4,1,0,1,0,0,2,0,0,1,1,1,0,2,1,2,0,0,1,0,0,0,4,0,0,1,0,0,4,1,2,0,2,3,0,0,2,3,0,0,2,1,0,0,1,1,0,0,1,0,0,0,1,0,0,0,0,1,0,1,1,2,0,1,0,1,0,1,2,1,5,1,0,0,0,0,0,1,0,0,0,0,0,2,0,0,0,1,0,1,1,0,0,0,0,1,0,1,1,0,0,2,2,0,2,0,2,1,0,1,4,2,1,0,0,1,0,2,2,0,0,0,0,0,0,0,0,0,0,0,1,0,0,0,0,1,0,0,0,0,0,1,0,0,0
Hotline_Bling.drk.txt,0,1,1,4,4,0,9,0,0,0,0,1,0,1,2,8,0,1,0,0,4,0,3,0,10,0,0,0,8,0,0,0,1,0,1,0,0,0,0,0,0,0,0,0,2,0,0,0,0,0,0,0,0,0,0,0,0,0,0,0,1,0,0,0,9,9,0,0,0,0,0,0,0,0,0,0,5,0,1,8,0,0,0,0,0,0,0,0,0,0,1,0,0,0,0,2,1,0,0,0,0,0,0,0,0,8,0,0,0,0,2,0,0,0,0,0,0,0,0,0,0,0,0,0,0,0,0,0,0,0,0,0,1,0,0,1,0,0,0,1,0,0,0,0,0,0,0,0,5,0,1,0,0,0,0,1,0,0,1,0,0,0,0,0,0,0,0,0,0,0,0,0,0,0,0,0,0,0,2,0,0,0,0,0,0,0,0,0,6,0,0,5,0,0,0,0,0
everybdy.ctr.txt,5,12,1,3,0,1,1,6,8,2,0,0,1,3,0,4,0,0,1,0,0,0,0,1,0,0,2,2,1,1,0,0,2,1,6,0,0,0,0,0,0,2,0,0,0,1,1,0,0,1,0,1,0,1,0,0,0,0,4,2,3,1,0,0,1,0,0,1,2,0,0,0,0,0,6,0,0,1,2,0,2,2,0,0,0,1,0,1,3,0,0,2,0,0,0,0,0,0,2,0,0,0,1,0,0,1,0,0,0,1,0,1,0,1,0,0,1,0,0,0,0,0,0,0,0,0,0,0,2,0,0,1,6,0,0,0,0,0,2,1,0,0,0,0,0,0,0,1,0,1,0,0,0,0,0,7,0,0,0,1,0,0,0,1,0,0,0,0,0,0,0,0,0,0,0,0,0,0,0,0,2,0,0,0,2,0,0,0,1,0,0,0,0,0,6,0,0
opportunity_cost.ezy.txt,10,3,8,2,0,2,6,8,0,1,1,6,4,0,0,1,2,1,2,0,3,1,3,0,0,1,0,3,3,0,0,1,2,1,2,0,1,1,3,2,1,0,3,1,1,0,1,2,0,0,0,1,1,0,0,0,1,0,1,4,0,2,0,0,2,0,0,1,0,0,0,0,2,0,3,0,0,0,2,0,0,0,0,0,0,0,1,0,0,0,0,0,1,0,1,1,0,1,0,0,0,3,0,0,0,0,1,0,1,3,1,2,0,1,0,1,0,1,0,0,1,0,0,1,1,0,0,0,0,0,3,0,0,1,2,2,0,0,0,2,0,0,1,1,1,0,0,1,0,1,0,0,0,0,0,0,1,0,0,0,0,1,0,1,0,0,0,1,0,3,0,0,0,0,1,1,0,0,0,2,0,0,0,1,0,1,0,0,0,0,0,1,0,0,0,0,0
memyself.ezy.txt,12,3,13,8,13,4,2,3,0,1,0,1,2,11,8,2,3,5,1,1,0,0,0,0,15,0,6,0,0,1,0,0,3,0,6,0,0,3,5,0,3,0,4,0,0,1,4,2,0,3,0,0,1,0,0,0,1,8,0,1,0,0,1,0,0,0,0,5,0,0,0,0,0,0,0,0,0,0,0,8,0,0,0,0,0,1,0,0,0,0,0,0,1,0,1,1,1,0,0,0,0,0,0,0,0,0,0,0,0,0,1,0,0,0,0,1,0,0,0,0,0,0,0,0,0,0,0,4,0,0,1,2,0,0,0,0,0,0,1,0,1,1,0,0,0,0,0,0,0,0,0,0,0,0,0,0,0,0,0,0,0,0,0,0,0,0,0,0,0,0,0,0,0,0,0,0,0,0,0,0,0,0,0,1,4,0,4,0,0,0,0,0,0,0,0,0,0
analog.tye.txt,6,4,4,0,0,1,4,1,3,0,0,2,0,3,0,1,1,1,0,0,0,1,1,0,0,0,0,1,1,0,2,0,2,2,0,4,4,1,0,0,0,0,0,0,0,0,0,0,3,0,0,0,0,0,0,0,0,0,0,0,0,0,0,0,0,0,0,0,0,0,0,0,0,0,1,0,0,0,0,1,0,1,0,1,0,0,0,0,0,0,0,0,0,0,0,0,0,0,0,0,0,1,0,0,2,0,0,0,0,0,0,0,2,0,0,0,0,0,0,0,0,0,0,2,0,0,1,0,0,0,0,0,0,0,0,0,0,0,0,0,1,0,1,0,0,0,0,0,0,0,0,0,1,0,0,0,0,0,0,0,0,0,0,0,0,0,0,0,0,0,0,0,0,0,0,0,1,0,0,1,0,0,0,0,0,1,0,0,0,0,0,0,0,0,0,0,0
montrees.ken.txt,1,4,3,2,2,4,3,0,5,2,2,2,3,0,0,1,0,1,2,3,0,1,3,0,0,0,2,2,1,6,0,0,0,0,1,0,0,1,2,0,2,1,0,0,5,0,0,1,0,0,7,1,0,0,0,0,0,0,1,0,3,0,0,0,0,1,0,0,12,1,1,0,0,0,0,1,0,0,0,0,1,1,1,2,0,0,0,0,1,0,1,0,0,3,0,0,2,0,0,0,0,0,0,0,0,0,0,1,0,0,0,0,0,0,0,0,0,1,1,0,5,0,2,1,0,0,0,0,0,0,3,0,1,0,0,0,0,0,0,0,0,0,0,2,0,0,1,0,0,1,0,2,1,0,0,1,0,0,1,1,0,0,1,0,1,0,0,0,2,0,0,0,1,0,0,0,0,0,0,0,0,0,1,0,0,0,0,0,0,0,0,0,0,0,0,0,0
bonfire.gam.txt,9,17,0,3,5,4,7,3,2,3,3,1,3,4,4,2,1,0,0,1,9,0,0,0,0,5,0,0,0,1,2,1,0,0,0,0,0,0,1,1,0,0,1,3,0,0,0,1,1,0,0,0,0,4,0,0,2,0,1,5,0,1,2,2,1,0,1,1,0,0,1,0,0,0,0,0,0,0,0,0,2,0,0,0,1,2,0,1,0,1,1,0,0,0,0,0,0,0,4,1,1,0,0,2,0,0,0,1,3,0,0,1,0,4,0,0,0,0,0,0,0,0,0,1,0,1,0,1,2,1,0,0,0,0,0,1,0,0,0,0,0,0,0,0,0,0,0,0,0,0,0,0,0,1,0,0,0,0,0,0,0,0,0,1,0,0,0,1,4,0,0,0,0,0,0,1,0,0,1,0,0,0,0,0,0,0,0,1,1,0,0,0,0,0,0,2,0
blkwidow.igg.txt,16,7,1,2,1,1,0,1,0,2,0,2,1,1,0,17,4,1,1,1,0,0,2,0,1,0,2,0,4,0,2,1,0,5,0,0,0,1,0,0,0,0,0,0,2,0,0,1,0,0,0,0,1,3,0,3,0,0,0,0,0,3,0,0,0,0,0,0,1,0,0,0,0,0,1,0,1,0,0,0,0,0,0,0,0,0,0,0,0,0,1,0,0,0,0,0,0,3,0,0,0,0,0,4,0,1,19,0,2,0,1,0,0,0,0,0,0,0,0,0,0,0,2,0,0,0,1,0,0,0,1,0,0,0,1,0,0,0,0,0,0,0,0,0,0,0,0,0,0,0,0,0,1,1,0,1,0,1,0,0,0,0,0,0,0,0,0,0,0,3,0,1,0,0,0,0,0,1,0,0,0,0,0,0,0,0,0,0,0,0,0,0,0,0,3,0,0
hello.igg.txt,8,7,2,2,2,4,1,1,0,0,11,3,0,0,0,0,2,7,1,0,0,0,0,0,0,0,3,1,0,1,0,1,0,2,1,0,1,0,0,2,6,0,1,0,0,0,0,0,0,0,1,0,0,0,0,0,1,0,0,1,0,0,1,0,0,0,0,0,0,0,0,0,0,0,0,0,0,1,0,0,0,0,0,0,0,0,0,0,2,0,0,0,0,0,0,0,0,0,0,0,0,0,1,0,0,0,0,1,0,3,0,1,0,0,0,0,0,0,4,0,0,0,0,0,1,0,0,0,1,0,0,0,0,1,0,0,0,0,0,0,0,0,0,0,0,0,0,0,0,0,0,0,0,0,4,1,0,0,1,1,0,0,0,0,0,0,0,0,0,0,0,0,0,0,0,2,0,0,0,0,0,0,0,0,0,0,0,0,0,0,0,1,0,0,0,2,0
good_ass.ctr.txt,12,0,1,2,0,2,0,0,2,1,2,0,1,0,2,0,0,4,1,2,0,0,0,5,0,0,5,1,1,0,0,1,0,4,17,0,0,1,0,0,1,0,12,0,0,1,3,5,0,0,0,0,0,0,1,0,0,0,0,0,0,17,3,0,1,0,0,0,1,0,1,0,0,0,0,0,1,1,0,0,4,0,0,0,0,0,0,0,0,0,0,0,0,2,0,0,0,0,0,0,0,0,0,0,0,0,0,0,1,0,0,0,0,1,0,0,0,0,0,0,0,0,5,0,0,0,0,0,0,0,0,0,0,2,0,0,0,0,0,0,0,0,0,1,0,0,0,0,0,1,0,0,0,0,0,0,0,0,0,0,0,0,3,0,0,0,0,0,2,1,1,1,0,0,0,0,0,0,0,0,2,0,1,0,0,0,0,0,0,0,2,1,0,0,0,0,0
fancy.igg.txt,8,6,5,1,3,1,1,0,0,0,1,0,0,0,2,1,2,1,1,0,1,2,2,0,0,0,2,0,0,1,0,4,0,1,2,2,1,0,0,0,5,0,0,0,2,2,1,1,2,0,1,1,2,0,2,0,0,0,0,0,0,1,0,2,1,1,0,0,0,0,1,0,1,0,0,0,0,0,0,0,0,0,0,0,0,0,0,0,0,0,0,0,2,0,0,0,0,0,0,0,0,0,1,0,0,0,0,2,0,0,0,0,0,0,0,1,0,0,0,0,0,0,0,2,0,0,1,1,0,2,0,0,0,0,1,1,0,0,0,1,0,0,0,0,0,0,0,0,0,0,0,0,0,2,0,0,0,0,0,1,0,2,0,0,0,0,0,0,0,0,0,0,0,0,0,1,0,0,0,0,0,0,0,0,1,0,0,0,0,0,0,0,1,0,0,0,0
thtpower.gam.txt,17,14,2,8,8,0,9,4,2,1,0,3,4,3,5,1,3,3,4,10,8,0,3,0,0,5,3,2,7,4,1,2,0,0,0,4,3,0,1,1,0,1,2,3,1,7,3,0,0,0,2,4,2,2,1,3,1,4,0,2,1,0,1,1,1,2,3,1,0,1,0,0,2,2,1,1,0,0,2,0,0,2,3,0,0,3,4,2,2,2,1,2,0,0,1,0,0,1,4,0,2,1,1,3,1,2,0,4,0,4,1,1,0,0,0,0,0,0,0,2,2,1,0,0,0,0,0,0,0,1,0,0,5,0,0,0,1,0,4,1,2,2,1,0,1,0,0,1,0,0,0,0,0,0,1,0,1,0,1,0,3,0,0,1,0,0,0,0,1,0,0,0,0,0,2,1,0,4,0,0,0,0,0,3,1,0,0,1,1,1,0,0,1,0,0,2,0
yonkers.tye.txt,12,2,1,2,2,4,1,3,3,2,3,0,0,0,0,0,2,0,1,1,0,1,2,14,1,0,2,1,0,1,2,0,0,0,0,0,0,0,0,1,1,4,0,0,0,2,0,0,1,0,0,2,0,1,1,0,1,1,0,0,0,0,1,2,1,0,0,0,0,0,0,0,0,0,0,0,1,0,0,0,0,1,0,1,0,1,1,0,0,0,1,1,0,0,0,0,1,0,0,0,1,1,0,0,0,0,0,0,0,1,0,0,3,0,0,0,0,0,0,1,0,0,0,0,0,1,0,1,1,0,0,1,0,0,0,0,1,0,0,0,0,0,1,0,0,0,0,0,0,0,1,0,0,0,1,0,0,0,1,0,1,0,0,0,0,1,0,0,0,0,0,0,0,0,0,0,0,0,0,0,0,6,1,0,0,0,0,0,0,2,0,0,1,0,0,0,0
a_fuck.mnm.txt,20,9,5,2,8,5,1,3,0,1,2,1,2,3,0,0,0,3,3,0,0,1,1,1,1,2,0,1,0,1,0,1,0,0,0,0,0,2,0,0,0,1,0,0,0,1,0,0,4,0,0,1,1,0,0,0,5,0,0,0,0,1,1,1,1,0,0,0,0,0,0,0,0,1,0,0,0,0,1,0,1,0,1,1,0,0,0,0,3,0,0,0,0,0,1,0,1,0,0,0,1,0,0,0,0,0,1,0,0,0,0,0,0,0,0,0,1,0,0,0,0,0,0,0,1,0,2,1,0,2,0,0,0,0,2,1,1,0,0,0,2,0,1,0,0,0,0,0,0,0,1,0,0,0,0,0,1,0,1,0,0,1,0,0,0,2,0,0,0,0,0,0,0,3,1,0,0,0,0,0,0,0,0,0,1,0,0,2,0,3,0,0,0,0,0,0,0
murder.mnm.txt,7,4,1,2,0,3,0,1,0,2,2,1,4,1,0,0,2,1,6,0,1,1,1,0,1,3,0,0,0,1,0,0,0,1,0,0,0,0,2,1,3,1,0,0,0,0,0,0,1,0,1,0,0,0,0,0,0,0,0,0,0,0,2,0,1,1,0,0,5,0,0,0,0,0,0,0,0,0,1,0,0,1,0,0,3,0,2,0,0,2,2,0,1,3,0,0,0,0,1,1,0,0,1,0,0,0,0,1,0,1,0,0,1,1,0,0,0,0,0,1,0,0,0,2,0,1,3,2,0,0,0,0,0,0,0,0,1,0,0,0,1,0,2,1,0,0,0,0,0,0,0,0,2,0,0,1,1,0,0,0,0,0,0,1,0,0,0,0,0,1,1,0,0,0,2,1,0,1,2,1,0,0,0,1,0,0,0,0,2,0,0,0,1,0,0,0,0
low_down.mnm.txt,10,13,2,4,2,4,0,6,0,0,6,0,2,2,0,1,0,4,1,1,0,2,0,1,1,1,0,1,2,0,2,1,0,1,1,0,0,1,0,3,0,0,0,0,0,0,0,0,0,1,1,0,1,1,0,1,0,0,1,1,0,0,0,2,0,0,0,0,1,1,0,0,0,0,0,0,1,1,0,0,2,2,0,3,1,0,2,0,0,0,0,0,0,1,0,1,0,0,1,0,0,0,0,0,0,0,1,0,0,0,0,0,1,1,2,0,0,0,0,0,1,0,0,0,0,0,2,0,3,0,0,0,0,0,1,1,0,0,0,0,0,0,0,0,0,0,0,0,0,1,0,0,0,1,1,0,0,1,0,0,0,1,0,0,0,0,1,0,0,0,0,0,0,0,0,0,0,0,0,3,0,0,0,0,0,0,0,0,1,2,0,0,0,1,1,0,0
i_album.ken.txt,3,1,4,2,5,2,5,6,13,3,0,1,4,0,3,5,2,5,9,4,2,2,6,0,1,2,12,8,5,1,3,0,5,1,0,6,2,2,1,1,0,0,0,1,0,0,2,0,1,3,0,3,2,2,0,0,0,0,0,0,2,2,0,5,1,0,0,1,0,0,1,5,0,0,0,0,1,3,1,6,0,4,3,2,1,0,1,0,1,0,1,1,1,0,0,1,0,1,1,2,0,0,0,0,1,0,0,2,1,0,0,0,0,0,0,0,0,0,0,0,0,0,2,0,3,0,0,2,0,0,1,0,2,0,0,0,0,0,1,0,2,0,0,1,0,0,0,0,1,1,0,0,0,0,2,4,0,3,0,0,0,0,0,1,2,0,1,0,1,0,1,1,0,0,2,1,0,0,0,0,0,0,0,0,1,0,2,0,1,1,5,1,0,0,0,1,1
change_the_station.ezy.txt,14,2,2,1,2,3,0,2,0,12,0,4,1,3,0,2,0,1,0,0,0,0,0,0,1,6,1,1,1,1,1,0,0,0,0,3,1,1,0,1,0,0,0,1,1,1,0,0,3,0,0,0,0,0,0,1,0,0,0,7,2,0,0,0,0,0,0,0,0,0,0,0,0,0,0,0,0,0,0,0,0,1,0,0,1,0,0,0,0,1,2,0,1,2,0,0,0,1,0,0,1,1,0,2,0,0,0,1,0,0,0,0,0,1,13,9,0,1,0,6,0,0,0,0,0,0,0,1,0,0,0,12,0,0,0,0,0,0,1,0,0,0,0,0,0,0,0,1,0,0,0,0,0,0,0,0,0,0,0,1,0,0,1,0,0,0,0,0,0,0,0,0,0,0,0,1,0,1,0,2,0,0,0,0,0,0,0,0,0,0,0,0,0,0,0,1,0
swmdrank.ken.txt,3,1,2,1,0,1,1,0,1,0,0,0,3,0,0,1,0,1,1,0,1,0,0,0,0,0,0,0,0,0,3,0,1,0,0,0,1,1,1,1,0,1,0,0,3,0,0,0,0,0,1,2,0,0,0,0,0,0,0,0,1,0,0,0,0,0,0,1,0,1,0,0,0,0,0,0,0,0,0,0,0,2,0,0,1,0,0,0,2,0,0,0,0,0,0,0,0,1,0,0,0,0,0,0,0,0,0,1,1,0,0,0,0,0,1,1,0,0,0,0,0,0,0,0,0,0,0,0,0,0,0,0,0,0,0,0,0,0,0,0,0,0,0,0,0,0,0,4,0,0,0,1,1,1,0,0,0,0,0,0,0,1,1,0,0,0,0,0,0,0,0,0,0,0,0,0,0,0,0,0,4,0,2,0,0,0,0,0,0,0,1,0,0,0,0,1,0
memyself.igg.txt,12,7,2,0,2,4,2,12,0,3,5,0,0,9,7,0,1,4,0,1,0,2,0,0,2,1,0,1,0,1,0,1,1,0,4,4,4,0,1,1,23,0,0,1,1,0,1,0,0,0,0,1,0,0,2,0,0,6,0,3,0,0,0,3,0,0,0,0,0,0,1,0,0,0,0,0,0,0,0,0,0,1,0,0,2,0,0,0,0,0,1,0,0,0,0,0,0,0,2,0,0,0,0,4,0,0,0,0,3,0,0,0,5,0,0,0,0,0,0,0,2,0,0,0,0,0,0,0,0,1,0,0,0,0,0,0,0,0,0,1,0,1,0,2,1,0,0,0,0,1,0,0,0,0,2,0,0,0,0,1,1,0,0,0,1,0,0,0,0,1,0,0,0,0,0,0,0,0,0,0,0,0,0,0,0,0,0,0,0,0,0,0,4,0,1,0,0
picasso.jyz.txt,8,5,0,2,2,3,0,1,0,2,0,3,2,1,0,2,7,1,0,0,0,1,2,0,0,4,0,1,0,1,2,2,0,6,0,1,0,1,1,0,0,0,2,0,0,1,0,0,0,0,0,0,0,0,0,0,0,1,1,1,2,1,1,1,0,1,3,1,0,2,0,8,0,0,1,8,0,1,0,1,0,0,0,1,0,0,0,0,0,0,0,0,1,0,0,0,0,0,0,0,1,1,0,0,0,0,0,0,0,1,0,1,2,0,0,0,0,0,0,1,0,1,0,0,0,0,0,3,0,0,0,0,0,0,0,0,1,0,0,0,0,0,0,0,0,0,1,0,0,0,1,0,0,0,0,0,2,0,0,0,0,0,1,0,0,1,2,0,0,1,1,0,0,0,1,2,0,0,0,0,0,0,0,0,0,0,0,0,1,0,0,0,0,0,0,0,0
beach_is.jyz.txt,3,3,1,1,1,1,0,2,0,2,0,0,0,3,0,0,0,0,0,0,1,0,1,0,0,0,1,0,0,0,0,1,0,0,0,0,1,1,0,0,1,0,0,0,0,0,1,0,0,0,0,0,0,0,0,1,1,0,0,0,0,2,0,0,0,0,1,0,1,0,0,0,0,0,0,2,0,0,0,0,2,0,0,0,0,0,0,0,0,1,1,0,0,1,0,0,0,0,0,0,0,0,0,0,0,0,0,0,0,0,0,0,0,0,0,0,0,0,0,0,0,0,0,0,0,0,0,0,0,0,0,0,0,0,0,0,0,0,0,0,0,0,0,0,0,0,0,0,0,0,0,0,0,0,0,0,0,0,1,0,1,0,0,0,0,0,0,0,0,0,0,0,0,0,0,0,0,1,0,0,0,0,1,0,0,0,0,0,1,0,0,0,0,0,0,0,0
flash.igg.txt,9,10,4,1,2,2,3,2,0,0,0,0,1,6,6,4,6,1,0,1,1,2,0,0,2,0,0,4,1,2,1,1,1,3,1,2,1,0,0,0,1,0,0,1,1,0,0,1,1,0,1,0,0,0,0,2,6,0,0,0,0,0,1,0,1,1,0,0,0,0,2,0,0,0,0,6,0,0,0,0,2,0,1,1,0,0,0,0,1,0,1,1,1,1,0,0,0,0,1,0,1,0,2,0,1,1,0,0,0,0,0,0,1,0,0,0,0,0,0,0,0,0,0,0,0,0,0,2,0,1,0,1,0,1,1,0,0,0,0,0,1,0,0,0,0,0,0,0,0,0,0,0,0,0,0,0,0,0,0,0,0,0,0,0,0,0,0,0,0,0,0,0,0,0,0,0,0,1,0,0,0,0,0,0,0,0,0,0,0,0,0,0,0,0,0,0,0
tom_ford.jyz.txt,1,0,0,1,3,5,4,0,3,0,3,0,0,0,3,0,0,0,1,0,0,0,0,0,0,0,2,0,0,0,0,3,0,0,0,0,0,0,0,1,0,0,0,0,0,0,3,0,0,11,0,0,0,0,1,0,0,0,0,0,0,0,0,1,0,0,3,0,0,0,0,0,0,0,0,1,0,0,0,0,6,0,1,0,0,0,0,0,0,6,0,3,0,0,0,0,0,0,0,0,0,0,3,0,0,0,0,0,0,0,0,0,0,0,0,0,0,0,0,0,0,0,0,0,0,1,1,1,0,0,0,0,0,0,0,0,0,0,0,0,0,0,0,0,0,0,0,0,0,0,0,0,0,0,0,0,0,0,0,1,0,0,0,0,0,0,2,0,0,0,0,0,0,6,0,3,0,0,0,0,0,0,0,1,0,0,0,0,0,0,0,0,0,0,0,0,0
mynameis.mnm.txt,4,6,3,2,2,3,1,0,0,2,1,0,2,1,0,0,2,1,0,0,1,1,0,0,1,1,0,0,1,1,2,1,0,0,0,0,0,0,3,0,0,0,0,0,0,0,0,0,1,0,1,1,1,0,0,0,3,0,0,1,0,0,0,1,0,0,0,0,0,0,0,0,1,0,0,0,0,1,0,0,1,2,0,0,0,1,2,0,0,0,0,0,0,0,1,1,0,0,1,1,1,2,0,0,1,0,1,0,0,1,0,1,0,0,0,0,0,0,1,1,0,1,0,0,0,0,0,1,1,7,1,0,0,0,0,1,0,0,1,0,2,0,1,0,0,0,0,0,0,1,1,0,0,0,2,0,0,0,0,0,0,0,0,1,0,0,0,0,1,0,0,0,0,1,0,0,1,0,0,1,0,0,0,0,0,1,0,1,0,1,0,1,0,0,0,0,0
her.tye.txt,4,4,4,4,1,8,3,1,2,1,4,0,2,1,4,1,2,1,1,3,0,0,1,1,1,0,1,2,1,2,4,0,0,0,0,2,2,3,0,2,0,0,0,0,1,0,0,0,0,1,0,1,1,0,1,1,0,1,0,2,2,0,1,0,0,1,1,1,0,1,0,0,0,0,0,0,0,0,0,1,0,0,0,0,0,0,0,0,1,0,0,0,0,0,0,0,2,0,0,0,0,0,0,1,0,0,0,0,1,0,0,1,2,0,0,0,0,0,0,1,0,2,1,0,0,0,0,3,1,2,0,0,0,0,1,1,0,0,0,0,1,0,0,0,1,0,0,0,0,0,0,0,0,0,1,0,0,0,0,0,1,1,0,0,0,0,0,0,0,0,0,0,0,0,0,0,0,0,0,0,0,0,0,0,0,0,0,0,1,0,0,0,0,0,0,1,0
alright.ken.txt,5,4,2,3,2,2,5,0,8,1,0,1,3,0,0,1,1,0,2,1,1,1,0,0,0,0,1,2,2,5,2,0,2,0,0,0,0,0,3,2,0,2,1,0,2,0,2,0,0,1,0,0,2,1,1,0,0,0,0,1,1,0,0,2,0,0,0,1,0,1,0,0,1,0,1,1,0,4,0,1,0,1,1,10,1,0,0,0,0,0,0,1,0,0,0,1,0,0,0,0,0,0,1,1,0,0,0,1,0,0,0,1,0,1,3,1,0,1,0,0,1,0,0,0,0,0,0,0,0,1,0,0,0,1,0,0,1,0,1,0,1,0,0,0,0,0,0,0,0,0,0,1,0,0,0,0,0,0,1,0,1,0,0,0,1,0,0,0,0,1,1,0,1,0,1,1,0,0,0,0,0,0,1,0,0,0,1,0,0,1,0,0,0,1,0,0,0
bitchshd.mnm.txt,1,1,0,0,0,2,0,0,0,0,0,0,0,0,0,0,0,1,0,0,0,0,0,0,0,0,0,0,0,1,1,1,0,0,0,0,0,0,1,0,0,0,0,0,0,0,0,0,0,0,0,0,0,0,0,0,0,0,0,0,0,0,0,0,2,1,0,0,0,0,0,0,0,0,0,0,1,0,0,0,0,0,0,0,0,0,0,0,0,0,0,0,0,0,0,0,0,0,0,0,0,0,0,0,0,0,0,0,0,0,0,0,0,0,0,0,0,0,0,0,0,0,0,0,0,0,0,0,0,0,0,0,0,0,0,0,0,0,0,0,0,0,0,0,0,0,0,0,0,0,0,0,0,0,0,0,0,0,0,0,0,0,0,0,0,0,0,0,0,0,0,0,0,0,0,0,0,0,0,0,0,0,0,0,0,0,0,0,0,0,0,0,0,0,0,0,0
changeyo.igg.txt,2,1,5,6,2,0,0,4,1,2,1,10,0,0,1,1,0,2,5,0,0,2,7,0,1,0,2,0,1,1,1,0,0,4,3,8,0,0,14,0,0,0,5,1,0,0,0,0,0,0,4,0,0,0,2,0,5,0,1,2,0,0,0,0,0,1,0,0,2,2,0,0,0,0,1,0,2,0,0,0,1,0,0,1,0,1,0,0,0,1,0,0,0,0,0,0,0,7,0,1,0,0,0,0,1,0,0,0,0,2,0,0,2,0,0,19,0,0,1,0,0,0,0,0,0,0,0,0,0,0,2,0,1,0,0,0,0,0,0,0,0,0,1,0,0,0,0,0,0,0,0,0,0,0,0,0,0,0,0,0,0,0,1,1,0,0,1,0,0,0,1,0,2,0,0,1,0,1,0,0,0,0,0,0,0,0,0,0,0,0,0,0,0,0,0,0,0
run.tye.txt,0,1,2,4,4,3,0,5,19,2,1,1,2,3,1,0,0,1,0,1,0,1,3,0,1,1,0,4,0,0,2,1,0,0,0,0,1,2,2,1,0,0,1,1,0,0,0,0,2,2,1,0,0,1,1,0,0,1,0,0,0,1,0,0,2,0,0,0,0,0,0,0,0,1,0,0,2,0,1,0,1,0,1,2,1,1,0,2,0,0,0,0,1,2,0,0,0,0,0,0,0,1,0,0,1,1,0,0,0,0,0,0,0,0,2,0,0,1,2,0,0,0,0,2,1,0,0,0,0,1,0,1,0,0,0,0,0,0,0,1,0,0,0,1,0,0,0,0,0,0,0,1,0,0,0,0,0,0,0,0,0,0,0,0,2,0,3,0,0,0,0,0,1,0,0,0,0,0,0,0,1,0,1,1,0,0,0,0,0,0,0,0,0,0,0,0,0
unsong08.ken.txt,3,3,2,4,2,1,2,4,1,5,4,1,3,0,0,0,0,1,0,3,1,0,6,0,0,0,3,0,1,2,0,3,1,2,1,5,1,2,0,0,3,0,1,0,1,0,1,2,1,1,4,3,1,0,0,0,0,1,2,0,2,1,1,1,0,1,0,0,1,1,1,0,0,1,0,1,0,0,0,0,0,0,1,0,0,1,0,1,1,0,0,1,0,1,0,0,2,0,0,1,1,0,2,1,0,0,0,0,1,0,0,0,1,0,0,0,0,0,0,0,0,0,0,0,0,0,0,0,0,0,0,0,0,0,0,0,0,0,0,0,3,0,0,3,0,0,0,0,0,0,0,1,0,0,0,0,0,0,0,0,0,0,0,0,0,0,0,0,1,1,0,1,0,0,0,0,0,1,0,0,0,0,0,0,0,0,0,0,0,0,0,0,0,0,0,1,0
lastsong.igg.txt,5,5,3,1,13,4,3,1,0,3,1,0,0,0,0,3,1,1,0,3,0,0,0,0,1,2,2,0,0,1,1,1,0,2,1,3,0,0,2,5,0,4,3,0,0,2,1,0,4,0,0,0,0,0,0,1,0,6,0,1,0,1,0,1,0,0,0,2,0,0,0,0,0,0,0,0,1,0,0,2,0,0,0,0,0,0,0,0,0,0,0,0,0,0,5,0,0,0,0,0,0,1,0,0,1,1,1,0,0,1,0,0,1,0,1,0,0,0,0,1,1,2,1,0,0,0,0,0,0,0,0,0,0,2,0,0,1,0,1,2,0,0,0,0,0,0,0,0,0,0,0,1,0,0,0,0,0,0,0,0,0,0,0,0,0,0,0,0,0,1,0,0,0,0,0,0,0,0,0,0,0,0,0,1,0,0,1,0,1,0,0,0,0,0,1,0,0
sherane.ken.txt,8,4,4,2,0,2,2,0,1,0,0,1,1,2,0,1,2,1,0,0,0,0,1,0,1,1,0,3,2,1,1,0,0,0,0,2,1,1,2,0,0,1,0,0,0,0,0,0,0,0,0,2,0,1,3,0,0,1,0,0,1,0,1,0,0,0,0,0,0,2,0,0,1,0,0,0,0,1,0,0,1,0,1,0,0,1,0,0,4,0,1,1,1,0,0,0,0,0,0,0,0,0,0,0,3,0,0,0,1,1,0,0,0,0,0,0,1,0,0,1,0,1,0,1,0,0,0,0,0,2,0,1,0,0,1,1,0,0,1,2,1,0,0,1,0,0,0,0,0,0,0,1,0,0,0,0,0,0,1,0,0,0,0,0,0,0,0,0,0,0,0,0,0,0,2,0,0,0,0,0,0,0,0,0,0,1,1,0,0,1,0,0,0,1,0,0,0
nostal.ctr.txt,1,7,3,1,0,0,0,0,2,0,0,1,2,0,0,0,0,0,3,0,1,2,1,0,0,0,2,1,3,0,0,0,0,0,0,1,0,2,0,1,0,0,0,0,0,1,0,0,0,1,0,0,2,0,2,0,1,0,0,0,2,0,2,0,0,0,0,2,0,0,0,0,0,0,0,0,0,1,0,0,1,3,0,0,0,0,3,0,1,0,0,3,0,0,1,0,0,2,1,2,0,0,0,0,0,0,0,0,1,0,0,0,0,0,0,0,1,0,0,0,1,1,0,0,0,1,0,1,0,0,0,0,0,0,0,0,0,0,0,0,0,0,0,2,1,0,0,0,0,1,0,0,0,0,0,0,1,2,0,0,1,0,0,2,0,0,0,0,0,0,0,0,0,0,0,1,0,1,0,0,0,0,1,1,0,0,1,0,0,0,0,0,0,0,0,0,0
nickels.jyz.txt,5,3,0,4,3,1,1,3,3,0,0,3,2,0,1,3,0,1,0,0,0,1,0,0,0,1,3,1,0,1,0,2,0,1,0,2,1,0,0,0,1,0,0,1,2,1,0,0,1,3,1,0,0,0,1,0,1,1,0,0,0,0,0,0,0,1,2,1,0,0,1,3,1,0,1,8,0,0,1,0,0,0,2,1,1,0,0,0,2,0,0,0,0,0,1,0,0,0,0,1,0,0,0,0,0,0,0,3,0,0,0,1,0,0,0,0,0,0,0,0,0,0,0,0,0,0,0,0,0,0,0,0,0,0,0,0,0,0,0,0,0,1,1,0,1,0,0,0,0,1,0,1,3,0,1,0,1,0,0,0,0,0,1,0,3,0,0,0,0,0,0,0,0,0,0,0,0,0,0,0,0,0,0,1,0,0,0,0,0,0,0,0,0,1,0,0,0
calm_down.ezy.txt,7,5,3,1,2,4,0,5,0,1,1,2,0,0,4,13,0,0,0,1,2,0,0,0,0,0,0,2,0,2,0,1,1,0,0,1,0,1,0,0,0,0,0,0,1,0,0,12,1,1,0,0,0,0,0,1,0,0,0,1,1,0,1,0,0,0,0,0,0,0,0,0,0,0,0,0,0,0,0,0,0,0,0,0,0,0,0,0,0,0,0,1,1,0,0,1,0,0,1,0,0,0,0,0,0,0,0,0,0,0,1,12,0,0,0,0,0,0,0,0,1,2,1,0,0,0,0,0,0,0,0,0,0,0,0,0,0,0,0,0,1,0,0,0,0,0,0,0,1,0,0,0,0,0,0,1,0,1,0,0,0,0,1,0,0,0,0,0,1,0,0,0,0,0,0,0,0,0,0,0,0,0,0,0,0,0,0,0,1,0,0,1,0,0,0,0,0
ultra.wst.txt,12,5,0,0,8,1,10,0,1,1,0,5,1,4,1,1,4,5,2,0,0,2,3,0,5,0,1,4,3,0,2,4,1,0,3,0,8,1,0,0,0,0,0,0,8,1,4,0,1,0,1,3,0,0,0,0,0,3,0,0,0,0,2,0,0,0,0,0,0,0,1,0,1,0,7,0,0,14,0,1,2,2,0,0,0,0,0,5,0,0,0,0,0,1,1,0,1,0,0,1,1,0,0,0,0,1,0,1,0,0,0,1,1,0,1,0,0,0,0,0,0,0,0,0,1,0,0,2,0,1,9,5,1,0,1,0,0,0,0,0,0,1,0,0,0,0,0,0,0,0,0,0,0,1,0,2,0,0,0,0,0,0,0,0,0,0,0,0,1,0,1,0,0,0,1,0,0,0,0,0,0,0,0,0,0,0,0,0,0,0,0,1,0,0,0,1,0
mango.ezy.txt,5,4,3,3,1,0,3,0,0,1,0,5,9,0,0,0,9,4,1,0,8,15,0,0,1,0,0,2,0,7,3,0,0,1,0,1,2,4,0,1,0,0,0,1,1,0,0,1,0,0,2,0,0,0,0,2,2,0,0,0,0,0,0,1,0,1,0,0,2,0,1,0,0,0,0,0,0,0,0,0,0,0,0,0,0,2,0,0,0,0,0,0,0,0,0,1,0,0,0,10,0,2,0,0,0,0,0,1,2,0,0,0,0,0,0,1,0,0,0,0,4,0,0,0,0,0,0,0,0,1,0,0,0,0,0,0,0,0,0,1,2,0,0,0,0,0,0,0,0,0,0,0,0,0,0,0,0,0,0,0,0,0,0,0,0,0,2,0,0,0,0,1,0,0,0,0,0,0,0,0,0,0,0,0,0,1,0,0,0,0,0,0,0,9,1,10,0
hlygrail.jyz.txt,6,2,3,4,5,4,6,4,6,1,1,0,1,0,3,5,0,1,4,0,0,1,0,0,1,0,0,0,0,0,1,3,2,2,1,0,2,5,1,1,2,1,2,0,1,7,1,3,1,1,0,0,0,0,1,0,0,0,0,0,5,0,0,1,0,0,3,0,0,0,0,8,2,1,0,0,0,1,0,1,0,0,0,0,0,1,0,3,0,0,0,0,0,0,0,0,0,0,0,0,0,0,2,0,0,0,0,0,1,0,0,0,0,0,0,0,0,1,0,0,0,1,0,0,0,0,0,0,0,2,0,0,0,1,4,1,0,0,0,0,0,1,0,0,0,0,0,0,0,2,0,0,0,0,1,1,0,1,2,0,0,0,2,0,0,0,0,0,0,0,1,0,0,0,3,1,0,0,0,0,0,0,0,1,0,0,1,1,0,0,0,0,0,1,0,0,0
deathcmp.tye.txt,4,4,1,2,9,3,1,3,6,1,1,0,0,0,2,0,1,1,0,0,0,1,1,2,0,2,0,0,1,1,1,1,1,0,0,0,0,0,2,2,0,0,0,0,1,0,1,0,2,1,1,2,0,0,0,5,2,0,1,1,0,3,1,0,0,0,0,0,0,0,0,0,0,0,0,0,0,0,0,0,0,0,2,0,0,0,0,2,0,0,0,0,0,1,1,0,0,0,0,1,0,0,0,1,1,1,0,1,0,1,0,0,0,0,0,0,1,1,0,0,0,0,0,0,1,0,0,2,0,1,0,0,0,1,1,2,0,0,1,0,1,1,0,0,0,0,1,0,0,0,1,3,1,0,0,0,0,0,0,0,0,0,0,0,0,0,0,0,0,0,0,0,0,1,0,0,0,0,0,0,0,0,0,0,0,0,1,0,0,0,0,0,0,0,0,0,0
wllknown.ezy.txt,13,8,7,0,2,1,2,4,0,2,2,2,1,2,3,2,0,4,0,2,0,2,1,0,1,0,0,2,0,1,1,0,0,0,0,0,3,0,2,2,0,0,0,0,0,1,0,2,1,1,0,0,0,0,0,0,0,8,0,0,0,0,0,3,0,0,0,0,0,1,0,0,0,0,0,0,0,0,0,0,0,0,1,0,0,0,1,0,0,0,2,0,0,0,0,0,0,1,0,0,0,0,0,1,0,0,0,0,0,0,0,2,0,1,1,0,1,1,0,0,1,0,0,1,0,1,0,0,1,0,0,2,0,0,0,0,0,0,0,1,1,0,0,0,0,0,0,0,0,0,0,0,0,0,0,0,0,1,0,1,0,0,0,0,0,1,0,0,0,0,0,0,0,1,0,0,0,0,1,0,0,0,0,1,0,0,0,0,0,0,0,0,0,0,2,0,0
hate.jyz.txt,6,7,3,2,1,0,2,0,2,4,1,0,2,4,2,5,0,0,1,1,1,0,3,0,4,0,0,0,2,0,0,2,1,0,0,0,1,0,0,0,0,1,1,0,0,0,0,1,0,1,0,0,0,0,0,0,1,0,1,2,0,0,1,0,0,1,0,0,0,0,0,0,1,2,0,0,0,0,0,0,0,0,0,0,0,0,0,0,0,0,0,0,0,0,0,0,1,0,0,0,0,1,0,1,0,0,0,0,0,0,2,0,0,0,1,0,1,0,0,1,0,0,0,0,0,0,0,0,0,1,0,0,0,1,1,0,0,0,0,2,0,0,1,0,0,0,0,0,0,0,1,0,0,0,0,0,0,1,0,0,0,0,0,0,0,0,0,0,1,0,0,0,0,0,0,0,0,0,0,0,0,0,0,0,0,0,0,3,0,0,3,0,0,0,0,0,0
real.ken.txt,7,4,1,4,9,0,8,2,3,2,0,1,2,6,1,49,2,5,5,6,1,1,4,0,1,2,1,9,1,8,2,2,1,0,2,1,4,2,1,0,1,1,3,8,1,2,0,0,2,1,2,0,3,1,0,2,0,1,0,1,1,1,1,1,3,0,0,0,0,4,0,0,0,1,2,0,0,1,0,0,0,0,1,0,1,0,1,0,0,0,0,1,0,0,1,0,0,0,0,1,0,0,0,7,3,0,0,1,0,0,0,1,1,0,3,0,0,0,2,1,1,0,0,0,0,1,0,2,0,0,0,0,0,0,4,0,0,0,0,0,0,0,1,0,0,0,0,0,1,0,0,1,0,1,0,0,1,0,0,0,0,0,1,0,2,0,0,0,0,0,0,1,0,0,0,0,1,0,1,0,0,0,1,0,0,0,0,0,0,1,1,0,0,0,0,0,0
we_aint.gam.txt,8,5,1,5,3,3,1,4,7,6,0,1,2,2,0,0,2,2,4,1,1,3,3,1,0,3,1,0,4,2,1,1,0,2,1,2,0,0,0,1,0,0,2,1,4,1,1,0,0,1,0,3,1,1,2,0,0,0,0,0,0,1,0,2,0,2,2,1,0,0,1,0,0,1,0,1,0,0,1,1,0,0,2,0,0,0,0,0,0,0,1,0,1,1,0,0,0,2,1,4,0,0,1,0,0,1,0,0,0,0,0,2,0,0,0,1,0,0,0,2,1,0,0,1,0,2,0,0,0,0,0,1,1,0,1,0,0,0,0,2,0,0,1,0,0,0,0,1,0,0,0,2,1,0,1,0,0,1,0,0,0,2,0,0,1,0,1,0,0,0,0,1,0,0,0,0,0,2,0,0,0,0,0,1,2,0,1,0,1,0,1,0,0,0,0,0,0
allcould.ezy.txt,7,10,6,5,3,6,0,0,1,0,4,1,0,1,0,0,0,0,1,0,4,0,2,0,0,1,0,0,1,0,1,4,1,0,0,13,2,1,1,1,2,2,1,0,0,2,0,1,1,0,0,1,0,1,0,1,1,0,1,0,1,0,0,0,0,0,0,2,0,2,0,0,0,0,0,0,0,0,0,0,1,0,0,0,0,2,1,0,0,0,0,1,0,0,0,0,0,0,1,0,0,0,2,0,0,0,0,0,0,0,0,0,0,2,0,0,0,0,0,1,0,0,0,0,0,0,0,0,0,0,1,0,0,0,0,0,0,0,0,0,0,0,0,0,0,0,0,0,1,0,0,0,0,0,1,0,0,0,0,0,0,0,0,0,0,0,0,0,0,0,0,1,0,0,0,3,0,0,0,0,0,0,0,0,0,0,0,0,0,0,0,0,0,0,0,0,0
power.wst.txt,11,0,0,7,1,4,2,2,2,2,2,4,2,0,0,0,0,1,0,1,1,3,0,0,4,3,1,0,0,1,0,0,0,0,0,0,1,1,1,1,0,0,0,0,1,0,0,0,0,1,2,1,3,0,0,0,0,0,0,0,1,1,0,0,0,0,0,2,1,1,0,0,0,0,2,0,1,0,0,0,1,0,0,0,1,0,0,1,0,0,1,0,3,0,0,0,1,0,1,0,0,0,2,0,2,1,0,0,0,0,0,0,1,0,0,0,0,0,0,2,0,0,0,1,0,0,0,0,1,0,0,0,0,0,1,0,0,0,0,0,0,0,0,0,0,0,0,0,0,0,0,0,1,0,0,0,0,0,0,0,0,3,0,0,0,0,0,0,0,0,1,0,0,0,0,0,0,0,1,0,0,0,0,0,0,0,0,1,0,0,0,0,0,0,1,0,0
reminder.jyz.txt,3,3,0,2,1,0,0,1,2,2,0,1,1,1,0,0,0,0,2,0,0,4,0,0,2,0,3,1,0,3,0,0,0,0,0,1,0,1,0,6,0,3,1,0,0,0,0,0,2,3,0,0,0,0,1,0,0,0,0,0,0,2,1,0,0,1,2,0,0,0,0,1,0,0,0,0,1,0,0,0,0,0,0,0,1,0,0,0,0,0,0,0,0,0,0,2,0,0,0,0,0,0,0,0,0,0,0,0,0,0,0,1,0,2,0,2,2,0,1,0,0,0,0,0,0,0,0,0,0,0,0,0,1,4,0,0,1,0,0,0,0,2,1,0,0,0,0,0,0,0,0,0,1,0,0,1,0,0,0,0,0,0,0,2,0,0,0,0,0,0,0,0,0,0,0,0,0,0,0,0,0,0,0,0,0,0,0,2,0,0,2,0,0,1,0,0,0
transylv.tye.txt,5,3,3,5,5,6,1,3,1,1,13,0,0,2,0,2,4,1,1,0,0,1,0,10,0,0,2,0,0,1,0,1,1,0,1,0,0,3,0,0,0,4,0,1,0,0,3,0,0,0,0,0,0,3,0,1,1,1,0,0,0,0,2,0,2,0,0,0,0,0,1,1,0,0,0,0,0,2,0,0,0,0,0,0,1,0,0,0,0,2,1,0,0,0,0,0,0,0,1,1,0,2,1,0,0,0,0,0,0,0,0,1,2,0,0,0,0,1,0,0,2,0,0,0,0,0,2,0,2,0,0,0,0,0,0,0,0,0,0,0,0,0,1,0,0,0,0,0,0,0,1,1,1,0,0,0,0,0,0,1,0,0,0,0,0,0,0,0,0,0,2,0,4,0,0,0,0,0,0,0,0,5,0,0,0,0,0,0,2,0,0,0,0,0,0,0,0
lightson.gam.txt,9,6,4,3,7,6,1,4,1,2,0,3,3,1,1,1,4,2,1,2,10,4,4,0,4,1,1,0,3,0,8,1,1,1,1,0,1,2,2,1,0,0,0,0,1,2,1,2,1,1,2,0,0,0,1,1,0,1,1,1,0,0,1,0,0,1,0,0,0,0,0,1,5,2,0,2,1,1,0,0,2,0,0,1,0,0,0,8,0,0,0,0,0,0,2,0,1,12,0,0,0,0,1,0,1,1,0,6,0,0,0,0,0,0,0,1,0,0,1,1,2,1,2,0,1,0,0,0,0,1,0,0,0,0,0,0,0,0,1,2,0,0,1,0,0,0,0,0,1,0,0,0,1,0,0,0,0,1,2,0,0,1,1,3,0,0,0,0,0,0,0,3,0,0,2,0,0,0,0,0,0,0,0,0,0,0,0,7,1,0,0,0,0,0,0,0,0
pushaman.ctr.txt,12,0,0,6,2,1,0,0,1,1,1,0,1,0,0,0,0,0,0,0,0,0,0,0,0,9,4,1,0,1,0,0,0,0,0,0,0,1,0,0,1,0,1,0,0,4,0,0,0,0,1,2,0,0,0,0,1,0,1,0,1,0,1,0,0,0,0,0,0,0,2,0,0,0,0,0,0,0,0,0,0,0,0,0,0,1,0,0,2,8,0,0,0,0,0,0,0,2,0,0,0,0,0,0,0,0,0,0,0,0,0,0,2,0,0,0,0,0,0,0,0,0,0,0,0,0,0,1,0,0,0,2,0,0,0,0,0,0,0,0,1,0,0,1,0,0,0,0,0,0,0,0,0,0,0,0,2,0,0,0,0,0,0,0,0,0,1,0,0,0,0,0,0,0,0,0,0,0,0,0,0,0,0,1,0,0,0,0,0,0,0,0,0,0,0,0,0
eff_with.jyz.txt,4,3,1,14,4,9,14,0,11,0,9,1,1,1,0,0,0,0,1,0,0,0,0,0,0,0,0,3,1,0,1,0,0,0,1,0,2,0,0,0,3,0,1,0,0,0,1,0,0,1,0,0,0,2,6,1,0,0,0,1,0,0,0,0,1,1,1,0,0,0,1,0,0,0,1,3,0,0,0,0,0,0,0,1,0,0,0,0,0,0,0,0,0,0,0,0,1,0,0,1,0,0,6,0,0,0,1,0,1,0,0,0,0,0,0,0,0,1,0,0,0,0,0,0,0,0,0,0,0,0,0,0,0,0,0,0,0,0,1,0,0,0,0,0,0,0,0,0,0,0,0,4,0,0,0,0,0,0,2,1,0,0,0,1,0,0,0,0,0,0,0,0,0,1,0,0,0,0,0,0,0,0,0,0,0,0,0,0,0,0,0,0,0,0,0,0,0
run_sue.ezy.txt,2,2,1,0,0,1,0,0,0,0,0,0,0,1,0,2,0,0,0,0,2,1,0,0,0,0,1,0,0,1,0,3,0,0,0,0,0,0,0,1,0,0,1,0,0,0,1,0,0,0,3,1,0,0,0,0,0,1,0,0,1,0,1,1,0,0,0,1,0,0,0,0,0,0,0,0,1,0,10,0,1,0,0,0,0,0,0,0,0,0,0,12,0,0,0,0,0,0,0,0,0,0,0,0,1,0,0,0,2,2,1,0,0,0,0,0,0,0,0,0,0,0,0,0,0,0,0,0,0,0,0,0,0,1,0,1,0,0,0,1,1,0,0,0,0,0,0,0,0,0,0,0,0,0,0,0,0,0,0,0,0,0,0,0,0,0,0,2,0,0,0,0,0,0,0,0,0,0,0,0,0,0,0,0,0,0,1,0,1,0,0,1,0,0,0,2,0
allofthe.wst.txt,3,0,8,0,0,0,7,0,4,0,0,7,13,0,0,0,14,0,1,4,1,3,0,0,5,0,6,0,0,4,0,2,2,11,0,0,0,2,10,0,0,1,0,0,0,0,0,0,0,0,6,0,0,0,0,0,1,12,0,0,0,0,1,0,1,0,0,2,0,0,2,0,0,0,4,0,0,0,0,2,0,4,0,0,0,1,0,38,0,0,0,0,0,0,0,0,1,0,0,0,0,0,0,1,0,0,0,8,0,0,0,0,0,0,0,0,0,0,0,0,0,0,0,0,0,0,0,0,0,0,0,0,0,1,0,0,0,0,0,0,0,0,0,0,0,0,0,0,0,0,0,0,3,0,0,0,0,0,0,0,1,0,0,0,0,0,0,0,0,0,0,0,0,0,0,0,0,0,0,0,0,0,0,0,1,0,0,0,0,1,0,0,0,0,0,0,0
hey_ma.ctr.txt,3,0,2,2,3,1,1,1,2,3,0,3,1,3,0,1,0,0,0,0,0,0,3,0,0,0,1,0,1,0,10,0,0,0,2,0,0,3,0,0,2,0,1,0,0,0,0,0,0,1,0,2,0,0,0,0,0,1,0,0,2,0,0,3,0,0,0,0,1,0,4,0,0,0,0,0,0,1,0,0,0,0,1,2,0,0,0,0,0,0,0,2,0,0,0,0,0,1,0,2,0,0,0,0,0,0,6,1,1,0,0,0,0,0,0,0,0,1,0,2,0,0,0,0,11,0,0,0,0,0,0,0,0,0,0,0,0,0,7,0,0,0,0,0,0,0,0,0,0,0,0,1,0,0,0,0,0,0,0,0,0,0,0,1,0,0,0,0,0,0,0,0,0,0,0,0,0,0,0,0,0,0,3,1,0,0,0,0,0,0,2,1,0,0,0,0,0
nana.ctr.txt,1,6,7,2,2,0,0,3,0,1,3,0,0,0,1,0,0,0,6,0,0,0,1,0,0,0,0,0,1,0,0,0,0,1,0,1,3,0,0,0,0,0,0,0,0,0,0,1,1,0,0,0,0,1,0,1,1,1,1,0,0,0,0,0,0,0,0,0,2,0,0,3,0,1,0,2,0,0,0,1,1,0,0,0,0,0,0,0,0,1,0,0,0,1,0,0,0,0,0,1,0,0,0,0,0,3,0,0,0,0,1,0,0,0,0,0,1,0,0,0,2,0,2,0,0,0,0,0,1,0,1,0,0,0,0,0,0,0,0,0,0,0,0,0,0,48,0,0,0,1,0,1,0,0,0,0,0,0,0,1,0,0,0,0,0,1,0,0,0,0,1,0,0,0,0,2,1,0,0,0,0,0,0,0,0,0,0,0,0,0,0,0,0,0,0,0,0
guilty.mnm.txt,1,1,5,2,4,9,1,6,0,0,6,3,0,1,1,0,0,1,0,1,1,0,0,0,2,4,0,3,0,2,1,0,2,1,0,0,2,1,1,4,2,1,1,0,0,1,0,2,2,1,3,0,0,0,0,1,0,0,0,0,2,2,0,0,0,2,0,0,0,0,1,0,0,0,0,0,0,0,1,0,0,1,0,0,1,0,1,0,0,2,2,0,1,1,0,0,2,0,0,1,2,1,1,0,0,0,2,0,3,0,0,1,1,0,0,1,1,0,0,1,0,0,0,1,0,0,0,0,0,0,0,0,0,0,0,0,0,0,0,1,0,0,0,0,1,0,0,0,0,0,0,0,0,1,3,0,3,0,0,0,0,1,0,3,0,0,0,0,0,1,1,0,0,1,0,1,0,0,1,0,0,0,1,0,0,0,1,0,0,0,1,0,0,0,0,0,0
sunrise.gam.txt,11,5,1,0,1,0,1,4,1,0,1,0,0,1,1,0,1,0,0,1,3,0,0,1,0,2,1,0,0,0,0,4,0,2,0,0,0,1,0,0,1,0,0,0,1,1,0,0,0,0,0,0,0,3,0,0,0,0,3,1,0,0,0,0,1,0,1,0,0,0,0,0,0,0,0,0,2,0,0,0,0,0,0,0,0,0,1,0,0,1,0,2,0,0,0,3,0,0,1,0,2,0,0,1,0,0,0,0,0,0,1,0,0,0,5,0,0,0,0,0,1,0,0,0,1,0,0,0,0,1,0,0,0,0,0,0,0,0,0,1,0,1,0,0,0,0,0,0,1,0,0,0,0,0,0,0,0,0,0,0,0,0,0,0,0,0,0,0,1,0,0,0,0,0,0,0,0,0,2,1,0,0,0,0,0,0,0,0,0,0,0,1,0,0,0,0,0
TakeCare.drk.txt,0,1,3,0,8,0,7,0,0,2,0,1,0,4,0,5,2,0,0,4,3,2,0,0,0,0,3,0,0,1,0,2,0,0,0,0,1,2,1,1,0,0,1,1,1,3,1,0,1,0,1,0,0,0,0,0,5,0,0,0,0,0,0,0,0,1,0,0,0,0,0,0,1,0,0,0,2,0,1,1,0,0,0,0,0,2,0,0,0,0,0,0,0,0,2,7,0,1,0,1,0,1,0,2,2,0,0,0,0,0,0,0,0,0,0,2,0,1,0,0,0,0,0,0,0,0,0,0,0,0,1,0,0,1,0,2,2,0,0,0,1,0,0,0,0,0,0,0,0,0,0,0,2,0,0,0,0,0,0,0,0,0,0,0,0,0,0,0,0,0,0,0,0,0,0,0,1,0,1,0,0,0,0,2,0,1,2,0,0,0,1,0,0,0,0,0,0
work.igg.txt,7,3,17,2,3,1,3,11,0,1,1,1,0,2,0,2,0,1,2,1,1,1,0,0,1,0,0,0,0,1,0,0,0,0,0,0,0,0,0,0,2,1,1,1,0,0,0,35,1,0,0,0,0,0,1,0,2,0,0,0,1,0,2,0,1,1,0,1,2,3,2,0,0,0,0,0,1,0,0,3,0,1,0,0,0,0,0,1,1,0,0,0,2,0,0,7,0,0,1,0,0,0,0,2,0,0,0,1,0,0,0,0,0,0,0,1,0,0,0,0,0,0,1,0,0,0,0,0,0,0,2,3,0,0,0,0,0,0,1,0,0,0,0,0,0,0,0,1,0,0,0,0,0,2,1,0,0,2,0,0,1,0,0,1,0,0,0,0,0,1,0,0,0,0,0,1,0,0,0,0,0,0,0,0,0,0,0,0,0,0,0,0,0,0,0,0,0
All_Me.drk.txt,12,6,5,17,11,7,3,11,9,7,4,2,2,6,0,1,1,4,0,1,3,1,3,0,5,3,2,0,2,0,0,0,0,1,1,0,1,1,0,1,2,0,4,5,0,4,2,3,0,5,1,2,0,0,1,3,2,0,2,1,0,0,5,0,0,1,0,0,0,0,1,0,0,0,8,0,0,5,0,0,0,0,0,0,0,1,0,1,0,0,0,0,1,2,0,2,0,0,0,0,1,0,1,2,0,0,0,1,1,0,0,1,3,0,1,0,0,2,0,0,0,1,1,0,0,0,0,0,1,0,0,0,1,1,4,1,0,0,4,6,0,0,1,6,0,0,1,1,0,1,0,0,4,0,1,0,2,0,0,2,0,0,4,2,1,0,0,0,0,1,0,0,0,0,0,0,0,0,0,1,0,0,0,0,0,0,0,0,0,0,1,0,0,0,0,0,0
golden.tye.txt,18,3,9,2,8,19,2,12,0,1,1,2,9,3,1,2,2,1,1,3,0,2,1,10,2,2,2,0,0,0,0,1,5,0,0,1,0,0,3,2,0,0,4,0,0,1,0,2,0,1,1,0,0,0,0,0,0,1,1,3,2,0,1,1,1,1,1,0,0,2,1,2,0,1,2,0,0,0,0,0,0,0,0,0,1,0,3,0,0,0,1,2,2,0,8,1,0,0,2,0,2,0,0,1,0,2,2,2,0,1,0,1,0,0,0,0,1,0,0,1,0,0,0,0,0,2,0,0,1,0,0,0,0,0,0,2,0,0,1,0,0,0,0,0,1,0,0,0,0,0,0,0,0,1,0,2,0,0,2,0,0,0,1,0,0,0,1,1,0,2,1,0,0,0,0,0,0,0,0,0,0,1,0,0,0,1,0,0,0,0,0,0,0,0,0,0,0
started.drk.txt,2,3,1,0,4,3,0,0,15,1,0,0,0,2,1,0,1,0,1,1,0,0,2,6,0,2,0,0,1,1,0,0,1,0,0,1,0,0,0,1,1,0,1,3,2,0,0,0,1,0,1,0,0,0,1,1,0,0,2,0,0,0,0,0,0,0,2,2,2,0,0,0,0,0,0,0,0,0,0,1,0,0,2,0,0,1,0,0,0,0,29,0,14,0,4,0,1,1,0,0,0,0,0,0,0,0,0,1,0,0,0,0,0,0,1,1,0,0,0,0,0,0,0,0,0,0,1,0,0,0,0,0,0,0,3,0,0,0,0,2,0,0,0,0,0,0,1,0,0,0,0,0,0,0,0,0,0,0,0,0,0,0,0,0,0,14,0,0,0,0,0,0,0,0,0,0,0,0,0,0,0,0,0,0,0,0,0,0,0,0,1,0,0,1,0,0,0
fatherp2.wst.txt,3,3,1,3,1,0,1,4,1,1,1,5,0,0,0,0,2,0,2,0,0,0,0,0,0,1,1,1,0,0,0,0,0,0,1,0,2,3,1,0,0,0,0,0,2,0,0,0,0,0,0,0,0,3,0,0,1,3,0,0,0,0,0,0,1,0,0,0,1,0,0,0,0,0,0,0,0,0,0,0,0,0,0,0,1,0,0,0,0,0,0,0,1,1,0,0,0,0,3,0,0,1,2,0,0,0,0,2,0,0,0,0,0,0,0,0,0,0,0,0,0,0,0,1,0,0,0,1,0,0,1,0,0,0,0,2,0,0,0,0,0,0,0,0,1,0,0,1,0,0,0,1,0,0,0,0,0,0,0,0,0,0,0,0,0,0,1,0,0,0,0,0,0,0,0,0,0,0,0,0,0,0,0,0,0,0,0,0,0,0,0,0,0,1,0,0,0
unsong07.ken.txt,6,10,28,1,11,0,2,3,4,2,7,1,5,0,3,2,11,5,1,3,1,1,2,2,1,1,2,48,0,2,4,0,2,3,0,1,6,1,2,0,0,0,1,0,3,0,0,0,2,2,0,5,0,1,0,0,0,0,0,0,0,3,0,0,0,0,0,0,0,0,5,5,25,0,0,0,0,1,1,0,2,5,0,3,0,0,0,0,2,0,1,4,0,0,0,0,0,0,0,0,0,0,0,1,0,0,0,0,0,0,1,0,0,0,1,0,2,4,0,1,0,1,0,0,1,0,0,0,1,0,0,0,1,0,0,0,25,0,0,0,0,0,0,1,0,0,0,0,0,0,0,1,0,0,0,0,0,1,0,1,0,0,1,0,0,0,0,0,0,0,1,1,0,0,0,0,0,0,0,0,0,0,0,0,0,0,0,0,0,1,0,0,0,4,0,0,0
ev_good.ctr.txt,7,1,0,0,1,0,5,0,1,6,1,0,1,1,0,1,0,7,1,0,0,1,3,0,1,0,3,0,4,2,0,0,0,0,15,2,0,1,1,1,1,1,4,0,2,0,2,0,0,0,0,0,0,0,0,6,1,0,0,0,0,1,0,2,1,1,0,0,2,0,0,0,0,0,7,0,0,0,0,0,0,0,0,3,0,1,0,0,0,1,0,0,0,0,0,0,0,0,0,0,0,0,3,0,1,0,1,0,0,0,1,0,2,0,0,0,0,0,0,0,0,2,1,0,2,0,0,0,0,1,0,0,0,0,0,0,0,70,1,0,0,0,2,0,0,0,0,0,0,1,0,0,0,2,0,0,0,0,0,0,0,1,0,0,0,0,0,0,0,0,0,2,0,1,0,0,0,0,0,0,0,0,0,0,0,0,0,0,0,0,2,0,0,0,0,0,0
bitchsck.tye.txt,13,2,0,5,2,6,1,6,4,2,24,0,2,3,1,1,0,1,0,0,0,0,2,6,0,1,0,0,0,0,0,0,0,0,0,0,1,0,0,0,0,0,0,0,0,0,0,1,1,1,1,0,0,0,0,0,1,1,0,0,0,2,0,0,0,0,3,0,0,0,1,0,0,1,0,0,0,0,0,0,0,1,0,0,0,0,0,0,0,5,0,2,0,0,0,0,0,2,0,0,2,0,0,0,1,0,0,0,0,0,0,0,0,0,0,0,0,0,0,0,1,0,0,0,0,0,0,0,6,0,0,0,0,0,0,0,0,0,0,0,0,0,0,0,0,0,1,0,0,0,1,0,0,0,0,0,0,0,0,0,0,0,0,0,0,0,1,0,0,1,1,0,1,0,0,0,0,0,0,1,0,1,0,0,0,0,0,1,0,1,0,0,0,0,0,0,0
bopbitch.tye.txt,1,1,1,2,2,6,0,3,1,0,7,2,0,5,1,0,2,0,1,0,1,2,0,1,0,0,0,0,1,1,0,2,0,0,0,0,0,0,0,1,0,0,1,1,1,0,1,0,0,0,0,0,0,0,0,1,0,0,0,0,1,0,0,0,0,0,1,1,0,0,2,0,0,1,0,0,1,0,0,0,0,0,0,0,2,0,0,0,0,1,2,0,0,1,0,0,0,0,0,3,0,0,0,0,0,0,0,0,0,0,0,0,0,0,0,0,0,0,0,0,0,0,0,0,0,0,0,0,4,0,0,0,0,0,0,0,0,0,1,0,0,0,0,0,0,0,0,0,0,0,0,0,0,0,0,0,0,0,0,0,0,0,0,0,0,0,0,0,0,0,0,0,0,0,0,0,1,0,0,0,0,0,2,0,0,0,0,1,0,0,0,0,0,0,0,0,0
tuscan.drk.txt,10,12,5,4,7,3,3,8,14,0,0,2,2,2,1,2,1,2,1,1,0,1,0,1,3,0,4,2,0,4,1,0,0,0,0,2,0,0,3,2,1,1,2,2,0,3,1,0,1,0,1,0,0,0,1,2,1,0,1,0,1,0,1,0,0,2,0,0,0,0,1,0,0,5,1,0,0,0,1,0,0,0,0,0,0,0,0,0,0,0,1,1,0,1,0,1,0,0,0,0,0,0,0,1,1,0,0,0,1,0,1,0,0,1,1,2,2,0,0,1,1,0,2,1,0,0,0,0,0,0,0,2,0,0,2,0,0,0,0,1,0,0,1,0,0,0,1,0,0,1,0,0,1,0,0,0,0,0,1,0,0,0,0,0,0,0,0,0,0,1,0,0,0,1,1,0,0,1,0,0,0,0,0,2,0,0,0,0,0,0,0,0,0,0,0,0,1
unsong01.ken.txt,1,5,1,1,0,0,0,0,9,0,2,4,1,0,0,2,3,2,4,2,1,0,2,0,1,1,0,1,4,1,0,0,2,4,0,0,0,1,3,0,0,0,0,1,0,1,0,0,0,0,0,1,1,0,0,0,0,3,0,0,1,0,1,0,0,0,0,0,0,1,0,0,1,0,1,0,0,1,1,0,1,0,1,0,0,1,0,1,0,1,1,1,0,0,0,0,1,0,0,1,0,1,1,0,0,0,0,2,2,1,1,0,0,0,0,0,9,0,0,0,0,0,2,0,0,0,2,0,0,0,0,0,0,0,0,0,0,0,0,0,0,1,0,0,0,0,0,0,1,1,0,0,0,0,0,0,0,0,0,0,0,1,0,0,0,0,0,2,0,0,0,0,0,0,0,0,1,0,3,0,0,0,1,0,0,0,0,0,0,0,0,0,0,0,0,0,1
unsong02.ken.txt,12,7,8,2,1,3,4,2,2,1,3,2,4,0,2,1,3,0,0,0,0,2,1,1,0,3,1,4,2,2,0,2,0,1,0,0,1,0,2,0,0,1,0,1,1,0,0,0,0,0,2,1,1,2,1,0,0,0,2,0,2,0,0,2,1,0,0,0,0,2,0,0,0,0,0,0,0,2,0,1,0,0,0,1,2,1,0,0,1,0,0,0,1,0,0,0,2,2,0,0,1,0,0,0,0,0,0,1,1,0,0,0,0,0,0,0,0,0,5,0,2,0,1,0,0,0,0,0,0,0,0,0,0,1,0,0,1,0,2,0,0,1,0,0,1,0,1,0,0,1,2,0,0,1,0,0,0,0,0,4,0,1,0,1,2,0,0,1,1,1,0,0,0,0,0,1,0,1,2,0,0,0,1,0,0,0,0,1,0,0,1,0,0,1,0,1,2
hello.ezy.txt,7,1,0,0,1,0,1,0,0,1,0,0,2,0,0,1,0,2,0,0,1,1,1,0,0,1,0,4,1,0,0,1,0,0,1,0,1,1,2,0,2,0,2,0,0,0,0,2,0,0,0,0,0,0,0,0,0,0,0,1,1,1,0,0,0,0,0,0,0,1,0,0,0,0,3,0,1,0,1,0,0,0,0,0,0,0,0,0,0,0,1,0,0,0,0,0,0,2,0,0,0,0,0,0,0,0,0,2,0,2,2,1,0,2,0,0,0,0,0,1,0,0,0,0,0,4,0,0,0,0,0,2,0,0,0,0,0,0,1,0,0,0,0,0,0,0,0,0,0,0,0,0,0,0,0,0,0,0,1,0,0,0,0,0,0,0,0,0,0,0,0,0,0,0,0,1,1,0,0,0,0,0,0,0,0,0,0,0,0,0,0,0,0,0,0,0,0
still.mnm.txt,13,1,4,2,5,11,1,1,0,0,1,0,0,3,3,0,2,0,1,1,1,0,3,0,0,0,1,1,1,1,1,3,0,0,1,2,1,0,0,2,0,0,0,0,0,5,0,0,3,1,2,0,1,0,0,0,2,0,0,0,1,0,0,0,0,0,0,0,0,0,0,0,0,0,0,0,0,1,1,0,2,0,0,1,1,0,0,1,1,4,0,1,1,0,1,6,0,0,0,0,1,0,1,0,0,0,1,0,0,0,0,0,0,2,0,2,0,1,0,0,0,1,0,0,0,0,2,0,0,0,0,0,0,0,0,1,0,0,2,0,0,1,0,0,0,0,1,4,0,0,0,0,0,2,2,1,0,0,0,0,1,0,0,1,0,0,0,1,0,0,2,0,0,0,0,0,0,0,0,2,0,0,1,0,0,0,0,1,0,0,1,0,0,1,0,0,0
im_shady.mnm.txt,15,8,1,11,9,3,4,3,0,0,0,0,1,4,0,1,1,5,0,1,1,0,0,0,7,0,1,2,0,1,3,1,0,1,3,0,1,1,2,3,1,2,1,1,2,3,1,0,0,2,0,1,1,0,0,1,2,0,0,0,0,1,0,0,0,3,0,0,0,0,1,0,1,0,0,0,1,0,0,0,0,0,1,0,3,5,1,0,1,1,0,0,0,1,3,1,0,0,0,0,0,1,1,0,1,0,1,0,2,1,0,0,0,0,1,0,0,0,1,2,0,0,0,0,0,0,2,0,2,2,0,0,1,0,0,0,0,0,0,1,0,0,0,1,0,0,0,2,0,0,0,0,0,0,0,0,0,0,0,0,0,0,0,0,0,0,2,1,0,0,1,0,0,0,0,1,1,0,0,2,0,0,0,0,0,0,0,0,0,1,1,0,0,0,0,0,0
lost.ctr.txt,8,3,5,0,0,3,1,2,0,1,0,0,0,2,8,4,0,0,1,1,3,7,0,0,1,0,1,0,1,0,2,1,0,1,0,0,0,0,0,0,0,0,1,0,0,0,0,0,0,0,0,1,0,0,0,0,0,0,0,0,1,0,1,2,0,0,0,0,0,0,0,0,0,0,0,0,2,1,0,0,0,0,0,0,0,0,0,0,0,0,0,0,0,0,0,0,0,0,0,0,0,0,0,1,0,0,0,0,0,0,0,0,3,0,0,0,0,0,0,1,0,0,0,0,0,0,0,0,0,0,1,0,0,0,0,0,0,0,0,0,0,0,0,0,1,0,0,0,0,0,0,0,0,0,0,0,0,0,0,0,0,0,0,0,0,0,1,0,0,0,0,0,0,0,0,0,0,0,0,1,0,0,0,0,0,1,1,0,0,0,0,0,0,0,0,0,0
juice.ctr.txt,4,0,4,4,1,0,2,0,9,5,2,0,0,1,0,3,1,2,1,0,0,2,1,1,1,0,0,1,0,0,3,0,0,0,1,1,0,0,0,0,0,0,2,0,2,2,0,0,1,1,0,0,1,0,0,3,0,0,1,0,1,0,0,0,0,0,0,0,0,0,1,0,0,0,0,0,0,1,0,0,1,0,0,0,0,1,0,0,0,1,0,0,0,1,0,0,1,0,0,0,0,0,0,1,0,1,0,0,0,0,0,0,0,0,1,0,0,0,0,1,0,0,0,0,0,0,1,0,0,0,0,1,5,0,0,0,0,0,0,0,1,0,0,0,0,0,0,0,1,0,0,0,0,0,0,0,0,0,0,0,0,0,0,0,0,0,5,1,1,0,3,1,0,0,1,0,0,0,0,0,0,0,0,0,0,0,0,0,0,0,0,2,0,0,0,0,0
gorgeous.wst.txt,10,6,7,5,2,4,0,1,5,6,0,1,1,4,0,1,3,2,1,4,1,5,5,0,6,1,1,1,0,2,0,2,1,0,1,0,3,1,0,1,0,2,0,3,6,0,4,0,2,2,3,2,2,6,0,1,0,0,4,0,0,0,0,0,1,2,0,2,0,8,0,0,0,0,0,0,7,1,2,0,1,3,0,0,0,1,1,1,1,0,0,0,1,0,0,2,0,0,0,0,0,2,2,0,0,0,0,0,4,2,0,0,0,0,0,0,1,0,1,0,0,0,0,0,0,0,0,0,1,0,3,1,0,0,0,0,1,0,0,1,1,0,0,0,0,0,0,2,1,0,0,0,0,0,0,0,1,3,0,0,0,1,1,0,1,0,0,1,0,0,1,0,0,0,0,3,0,1,0,1,0,0,0,0,0,5,0,0,0,1,2,1,0,0,2,1,0
backpack.gam.txt,10,8,0,5,1,10,0,3,6,2,0,0,0,0,0,0,0,1,1,4,1,0,0,1,0,5,0,0,1,0,2,0,0,2,0,0,0,1,0,2,1,2,0,6,1,0,0,0,1,0,0,0,0,8,0,1,0,0,0,1,0,1,0,1,0,0,5,0,0,0,0,1,0,0,0,0,0,0,0,0,0,0,0,0,0,0,4,0,1,0,0,0,0,0,0,0,0,3,2,0,1,0,0,3,1,0,0,2,0,0,0,0,0,6,1,1,0,0,0,0,0,0,0,0,0,0,1,0,2,1,0,0,0,0,0,0,1,0,0,0,1,0,0,0,0,0,0,1,0,1,0,0,0,0,0,0,1,0,1,0,0,0,0,1,0,0,0,0,1,1,1,0,0,4,1,0,0,0,0,0,0,0,0,0,0,0,0,1,0,0,0,1,0,0,0,0,0
allshine.gam.txt,11,9,2,10,4,2,5,5,1,7,0,1,2,2,9,1,5,3,0,0,2,0,0,2,8,2,0,3,3,0,7,1,8,5,0,1,1,0,1,0,1,0,2,4,2,1,2,0,0,1,0,6,0,0,0,7,0,0,0,1,0,0,0,0,0,1,3,1,0,0,4,0,1,1,0,0,0,0,0,1,0,0,0,1,0,0,1,0,0,0,0,0,0,0,1,0,0,0,0,0,0,0,0,0,0,0,0,0,0,0,1,1,0,2,0,1,0,0,0,0,0,0,1,1,0,1,0,0,1,2,1,0,0,1,0,0,0,0,1,0,0,0,0,0,8,0,0,0,0,4,0,0,0,1,1,0,0,1,0,0,0,0,0,0,0,1,0,4,2,2,1,1,0,0,0,0,1,0,0,0,0,0,0,0,0,0,0,2,0,1,0,0,0,0,0,0,0
